date,ceo,company,positive,neutral,negative,total,neg_pct,theme,alias
2025-11-04,Doug McMillon,Walmart,6,13,6,25,24.0,,Doug McMillon Walmart
2025-11-04,Andy Jassy,Amazon,3,13,9,25,36.0,,Andy Jassy Amazon
2025-11-04,Stephen Hemsley,UnitedHealth,6,18,1,25,4.0,,Stephen Hemsley UnitedHealth
2025-11-04,Tim Cook,Apple,6,13,6,25,24.0,,Tim Cook Apple
2025-11-04,David Joyner,CVS Health,10,12,3,25,12.0,,David Joyner CVS Health
2025-11-04,Warren Buffett,Berkshire Hathaway,3,10,12,25,48.0,,Warren Buffett Berkshire Hathaway
2025-11-04,Sundar Pichai,Alphabet,7,16,2,25,8.0,,Sundar Pichai Alphabet
2025-11-04,Darren Woods,Exxon Mobil,3,18,4,25,16.0,,Darren Woods Exxon Mobil
2025-11-04,Brian Tyler,McKesson,6,13,6,25,24.0,,Brian Tyler McKesson
2025-11-04,Robert Mauch,Cencora,5,12,0,17,0.0,,Robert Mauch Cencora
2025-11-04,Jamie Dimon,JPMorgan Chase,4,15,6,25,24.0,,Jamie Dimon JPMorgan Chase
2025-11-04,Ron Vachris,Costco,2,22,1,25,4.0,,Ron Vachris Costco
2025-11-04,David Cordani,Cigna,14,8,3,25,12.0,,David Cordani Cigna
2025-11-04,Satya Nadella,Microsoft,5,14,6,25,24.0,,Satya Nadella Microsoft
2025-11-04,Jason Hollar,Cardinal Health,11,12,2,25,8.0,,Jason Hollar Cardinal Health
2025-11-04,Mike Wirth,Chevron,11,12,2,25,8.0,,Mike Wirth Chevron
2025-11-04,Brian Moynihan,Bank of America,5,14,6,25,24.0,,Brian Moynihan Bank of America
2025-11-04,Mary Barra,General Motors,6,16,3,25,12.0,,Mary Barra General Motors
2025-11-04,Jim Farley,Ford Motor,6,14,5,25,20.0,,Jim Farley Ford Motor
2025-11-04,Gail Boudreaux,Elevance Health,12,8,5,25,20.0,,Gail Boudreaux Elevance Health
2025-11-04,Jane Fraser,Citigroup,14,11,0,25,0.0,,Jane Fraser Citigroup
2025-11-04,Mark Zuckerberg,Meta Platforms,8,8,9,25,36.0,,Mark Zuckerberg Meta Platforms
2025-11-04,Sarah London,Centene,9,9,7,25,28.0,,Sarah London Centene
2025-11-04,Ted Decker,Home Depot,8,14,3,25,12.0,,Ted Decker Home Depot
2025-11-04,Priscilla Almodovar,Fannie Mae,3,15,7,25,28.0,,Priscilla Almodovar Fannie Mae
2025-11-04,Ron Sargent,Kroger,4,17,4,25,16.0,,Ron Sargent Kroger
2025-11-04,Mark Lashier,Phillips 66,9,11,5,25,20.0,,Mark Lashier Phillips 66
2025-11-04,Maryann Mannen,Marathon Petroleum,4,16,5,25,20.0,,Maryann Mannen Marathon Petroleum
2025-11-04,Dan Schulman,Verizon,2,18,5,25,20.0,,Dan Schulman Verizon
2025-11-04,Jensen Huang,Nvidia,6,14,5,25,20.0,,Jensen Huang Nvidia
2025-11-04,David Solomon,Goldman Sachs,4,12,9,25,36.0,,David Solomon Goldman Sachs
2025-11-04,Charles Scharf,Wells Fargo,17,3,5,25,20.0,,Charles Scharf Wells Fargo
2025-11-04,Lane Riggs,Valero Energy,16,8,1,25,4.0,,Lane Riggs Valero Energy
2025-11-04,Brian Roberts,Comcast,8,12,5,25,20.0,,Brian Roberts Comcast
2025-11-04,Jon Farney,State Farm Insurance,5,14,6,25,24.0,,Jon Farney State Farm Insurance
2025-11-04,John Stankey,AT&T,7,13,5,25,20.0,,John Stankey AT&T
2025-11-04,Michael Hutchins,Freddie Mac,3,20,2,25,8.0,,Michael Hutchins Freddie Mac
2025-11-04,Jim Rechtin,Humana,13,9,3,25,12.0,,Jim Rechtin Humana
2025-11-04,Ted Pick,Morgan Stanley,11,12,2,25,8.0,,Ted Pick Morgan Stanley
2025-11-04,Michael Fiddelke,Target Corporation,1,15,9,25,36.0,,Michael Fiddelke Target Corporation
2025-11-04,Philip Smith,StoneX Group,6,18,1,25,4.0,,Philip Smith StoneX Group
2025-11-04,Elon Musk,Tesla,4,9,12,25,48.0,,Elon Musk Tesla
2025-11-04,Michael Dell,Dell Technologies,12,11,2,25,8.0,,Michael Dell Dell Technologies
2025-11-04,Ramon Laguarta,PepsiCo,7,14,4,25,16.0,,Ramon Laguarta PepsiCo
2025-11-04,Bob Iger,Walt Disney,10,12,3,25,12.0,,Bob Iger Walt Disney
2025-11-04,Carol Tome,UPS,8,7,10,25,40.0,,Carol Tome UPS
2025-11-04,Joaquin Duato,Johnson & Johnson,11,9,5,25,20.0,,Joaquin Duato Johnson & Johnson
2025-11-04,Rajesh Subramaniam,FedEx,4,15,6,25,24.0,,Rajesh Subramaniam FedEx
2025-11-04,Juan Luciano,Archer Daniels Midland,4,6,15,25,60.0,,Juan Luciano Archer Daniels Midland
2025-11-04,Jon Moeller,Procter & Gamble,3,16,6,25,24.0,,Jon Moeller Procter & Gamble
2025-11-04,Marvin Ellison,Lowe's,10,12,3,25,12.0,,Marvin Ellison Lowe's
2025-11-04,Thomas Long,Energy Transfer,15,3,7,25,28.0,,Thomas Long Energy Transfer
2025-11-04,Christopher Calio,RTX,7,16,2,25,8.0,,Christopher Calio RTX
2025-11-04,Susan Morris,Albertsons,4,20,1,25,4.0,,Susan Morris Albertsons
2025-11-04,Kevin Hourican,Sysco,7,12,6,25,24.0,,Kevin Hourican Sysco
2025-11-04,Tricia Griffith,Progressive Insurance,6,16,3,25,12.0,,Tricia Griffith Progressive Insurance
2025-11-04,Stephen Squeri,American Express,8,15,2,25,8.0,,Stephen Squeri American Express
2025-11-04,James Taiclet,Lockheed Martin,7,11,7,25,28.0,,James Taiclet Lockheed Martin
2025-11-04,Michel Khalaf,MetLife Inc,10,14,1,25,4.0,,Michel Khalaf MetLife
2025-11-04,Samuel Hazen,HCA Healthcare,8,15,2,25,8.0,,Samuel Hazen HCA Healthcare
2025-11-04,Andrew Sullivan,Prudential Financial,8,16,1,25,4.0,,Andrew Sullivan Prudential Financial
2025-11-04,Kelly Ortberg,Boeing,5,16,4,25,16.0,,Kelly Ortberg Boeing
2025-11-04,Joe Creed,Caterpillar,6,17,2,25,8.0,,Joe Creed Caterpillar
2025-11-04,Robert M Davis,Merck,3,18,4,25,16.0,,Robert M Davis Merck
2025-11-04,Thomas J Wilson,Allstate,5,14,6,25,24.0,,Thomas J Wilson Allstate
2025-11-04,Albert Bourla,Pfizer,7,11,7,25,28.0,,Albert Bourla Pfizer
2025-11-04,Arvind Krishna,IBM,8,12,5,25,20.0,,Arvind Krishna IBM
2025-11-04,Craig DeSanto,New York Life Insurance,5,20,0,25,0.0,,Craig DeSanto New York Life Insurance
2025-11-04,Ed Bastian,Delta Air Lines,8,16,1,25,4.0,,Ed Bastian Delta Air Lines
2025-11-04,Kevin Murphy,Publix Super Markets,16,32,2,50,4.0,,Kevin Murphy Publix Super Markets
2025-11-04,Kirt Walker,Nationwide Insurance,9,15,1,25,4.0,,Kirt Walker Nationwide Insurance
2025-11-04,Patrick Zammit,TD Synnex,10,14,1,25,4.0,,Patrick Zammit TD Synnex
2025-11-04,Scott Kirby,United Airlines,13,7,5,25,20.0,,Scott Kirby United Airlines
2025-11-04,Ryan Lance,ConocoPhillips,9,11,5,25,20.0,,Ryan Lance ConocoPhillips
2025-11-04,Ernie Herrman,TJX,12,11,2,25,8.0,,Ernie Herrman TJX
2025-11-04,Bob Michael,AbbVie,6,18,1,25,4.0,,Bob Michael AbbVie
2025-11-04,AJ Jim Teague,Enterprise Products Partners,6,18,1,25,4.0,,AJ Jim Teague Enterprise Products Partners
2025-11-04,Christopher Winfrey,Charter Communications,7,14,4,25,16.0,,Christopher Winfrey Charter Communications
2025-11-04,George Holm,Performance Food,7,16,2,25,8.0,,George Holm Performance Food
2025-11-04,Robert Isom,American Airlines,7,15,3,25,12.0,,Robert Isom American Airlines
2025-11-04,Richard Fairbank,Capital One,13,10,2,25,8.0,,Richard Fairbank Capital One
2025-11-04,Chuck Robbins,Cisco Systems,6,17,2,25,8.0,,Chuck Robbins Cisco Systems
2025-11-04,Enrique Lores,HP,5,16,4,25,16.0,,Enrique Lores HP
2025-11-04,Donnie King,Tyson Foods,1,17,7,25,28.0,,Donnie King Tyson Foods
2025-11-04,Lip-Bu Tan,Intel,7,12,6,25,24.0,,Lip-Bu Tan Intel
2025-11-04,Clay Magouyrk,Oracle,7,14,4,25,16.0,,Clay Magouyrk Oracle
2025-11-04,Mike Sicilia,Oracle,7,14,4,25,16.0,,Mike Sicilia Oracle
2025-11-04,Hock Tan,Broadcom,5,17,3,25,12.0,,Hock Tan Broadcom
2025-11-04,John May,Deere,5,14,6,25,24.0,,John May Deere
2025-11-04,Elliott Hill,Nike,3,21,1,25,4.0,,Elliott Hill Nike
2025-11-04,Timothy M Sweeney,Liberty Mutual Insurance,25,0,0,25,0.0,,Timothy M Sweeney Liberty Mutual Insurance
2025-11-04,Willie Chiang,Plains GP,3,8,3,14,21.4,,Willie Chiang Plains GP
2025-11-04,Juan Andrade,USAA,4,15,6,25,24.0,,Juan Andrade USAA
2025-11-04,Chris Boerner,Bristol-Myers Squibb,6,14,5,25,20.0,,Chris Boerner Bristol-Myers Squibb
2025-11-04,Paul Bay,Ingram Micro,5,16,4,25,16.0,,Paul Bay Ingram Micro
2025-11-04,Phebe Novakovic,General Dynamics,17,7,1,25,4.0,,Phebe Novakovic General Dynamics
2025-11-04,James Quincey,The Coca-Cola Company,7,16,2,25,8.0,,James Quincey The Coca-Cola Company
2025-11-04,Thasunda Brown Duckett,TIAA,12,13,0,25,0.0,,Thasunda Brown Duckett TIAA
2025-11-04,Alan Schnitzer,Travelers Insurance,10,12,3,25,12.0,,Alan Schnitzer Travelers Insurance
2025-11-04,David Ricks,Eli Lilly,4,12,9,25,36.0,,David Ricks Eli Lilly
2025-11-04,Dara Khosrowshahi,Uber,10,15,0,25,0.0,,Dara Khosrowshahi Uber
2025-11-04,Roger Crandall,Mass Mutual,5,15,5,25,20.0,,Roger Crandall Mass Mutual
2025-11-04,Marc Casper,Thermo Fisher Scientific,8,17,0,25,0.0,,Marc Casper Thermo Fisher Scientific
2025-11-04,Gunjan Kedia,US Bancorp,10,13,2,25,8.0,,Gunjan Kedia US Bancorp
2025-11-04,Michael Kasbar,World Kinect,2,13,0,15,0.0,,Michael Kasbar World Kinect
2025-11-04,Robert Ford,Abbott Laboratories,5,13,7,25,28.0,,Robert Ford Abbott Laboratories
2025-11-04,Corie Barry,Best Buy,24,1,0,25,0.0,,Corie Barry Best Buy
2025-11-04,Tim Gerend,Northwestern Mutual,4,20,1,25,4.0,,Tim Gerend Northwestern Mutual
2025-11-04,Kathy Warden,Northrop Grumman,4,20,1,25,4.0,,Kathy Warden Northrop Grumman
2025-11-04,Joe Zubretsky,Molina Healthcare,6,14,5,25,20.0,,Joe Zubretsky Molina Healthcare
2025-11-04,Todd Vasos,Dollar General,0,21,4,25,16.0,,Todd Vasos Dollar General
2025-11-04,Robin Vince,Bank of New York Mellon,10,13,2,25,8.0,,Robin Vince Bank of New York Mellon
2025-11-04,David Zaslav,Warner Bros Discovery,6,12,7,25,28.0,,David Zaslav Warner Bros Discovery
2025-11-04,Jay Debertin,CHS,6,16,3,25,12.0,,Jay Debertin CHS
2025-11-04,Ted Sarandos,Netflix,7,16,2,25,8.0,,Ted Sarandos Netflix
2025-11-04,Cristiano Amon,Qualcomm,8,13,4,25,16.0,,Cristiano Amon Qualcomm
2025-11-04,Vimal Kapur,Honeywell,13,11,1,25,4.0,,Vimal Kapur Honeywell
2025-11-04,Marc Benioff,Salesforce,5,15,5,25,20.0,,Marc Benioff Salesforce
2025-11-04,Jacek Olczak,Philip Morris International,8,16,1,25,4.0,,Jacek Olczak Philip Morris International
2025-11-04,David Flitman,US Foods,3,18,4,25,16.0,,David Flitman US Foods
2025-11-04,Paul Romanowski,DR Horton Inc,4,15,6,25,24.0,,Paul Romanowski DR Horton
2025-11-04,Bryan DeBoer,Lithia Motors,6,17,2,25,8.0,,Bryan DeBoer Lithia Motors
2025-11-04,Dirk Van de Put,Mondelez,6,14,5,25,20.0,,Dirk Van de Put Mondelez
2025-11-04,Brian Niccol,Starbucks,4,17,4,25,16.0,,Brian Niccol Starbucks
2025-11-04,Ryan McInerney,Visa Inc,12,11,2,25,8.0,,Ryan McInerney Visa Inc
2025-11-04,Robert Sulentic,CBRE Group,6,17,2,25,8.0,,Robert Sulentic CBRE Group
2025-11-04,Jonathan Jaffe,Lennar,1,9,1,11,9.1,,Jonathan Jaffe Lennar
2025-11-04,Scott Strazik,GE Vernova,6,13,6,25,24.0,,Scott Strazik GE Vernova
2025-11-04,William Demchak,PNC Financial Services,7,15,3,25,12.0,,William Demchak PNC Financial Services
2025-11-04,Jennifer Rumsey,Cummins Inc,3,17,5,25,20.0,,Jennifer Rumsey Cummins Inc
2025-11-04,Preston Feight,Paccar,9,13,3,25,12.0,,Preston Feight Paccar
2025-11-04,Robert Bradway,Amgen,5,18,2,25,8.0,,Robert Bradway Amgen
2025-11-04,Matthew Lucey,PBF Energy,15,6,0,21,0.0,,Matthew Lucey PBF Energy
2025-11-04,Brian D Pieninck,GuideWell Mutual,0,6,0,6,0.0,,Brian D Pieninck GuideWell Mutual
2025-11-04,Alex Chriss,PayPal,5,18,2,25,8.0,,Alex Chriss PayPal
2025-11-04,Sandy Douglas,United Natural Foods,15,10,0,25,0.0,,Sandy Douglas United Natural Foods
2025-11-04,Michael Creedon,Dollar Tree,2,21,2,25,8.0,,Michael Creedon Dollar Tree
2025-11-04,Leon Topalian,Nucor,4,17,4,25,16.0,,Leon Topalian Nucor
2025-11-04,Roger Penske,Penske Automotive,7,16,2,25,8.0,,Roger Penske Penske Automotive
2025-11-04,Bom Kim,Coupang,6,17,2,25,8.0,,Bom Kim Coupang
2025-11-04,Antonio Neri,Hewlett Packard Enterprise,10,12,3,25,12.0,,Antonio Neri Hewlett Packard Enterprise
2025-11-04,Harry Sideris,Duke Energy,24,1,0,25,0.0,,Harry Sideris Duke Energy
2025-11-04,Joseph Bae,KKR & Co,13,10,2,25,8.0,,Joseph Bae KKR & Co
2025-11-04,Brian Robbins,Paramount Global,4,19,2,25,8.0,,Brian Robbins Paramount Global
2025-11-04,Michael Dastoor,Jabil,5,12,8,25,32.0,,Michael Dastoor Jabil
2025-11-04,Daniel O'Day,Gilead Sciences,11,11,3,25,12.0,,Daniel O'Day Gilead Sciences
2025-11-04,Tim Go,HF Sinclair,12,9,4,25,16.0,,Tim Go HF Sinclair
2025-11-04,William Nash,CarMax,7,11,7,25,28.0,,William Nash CarMax
2025-11-04,Michael Miebach,Mastercard,10,12,3,25,12.0,,Michael Miebach Mastercard
2025-11-04,Lawrence Coben,NRG Energy,6,7,2,15,13.3,,Lawrence Coben NRG Energy
2025-11-04,Sean Kerins,Arrow Electronics,6,17,2,25,8.0,,Sean Kerins Arrow Electronics
2025-11-04,Lorenzo Simonelli,Baker Hughes,8,14,3,25,12.0,,Lorenzo Simonelli Baker Hughes
2025-11-04,Bob Jordan,Southwest Airlines,3,15,7,25,28.0,,Bob Jordan Southwest Airlines
2025-11-04,Peter Zaffino,AIG,5,14,6,25,24.0,,Peter Zaffino AIG
2025-11-04,Gary Dickerson,Applied Materials,2,11,12,25,48.0,,Gary Dickerson Applied Materials
2025-11-04,Vicki Hollub,Occidental Petroleum,6,14,5,25,20.0,,Vicki Hollub Occidental Petroleum
2025-11-04,Michael Manley,AutoNation,6,18,1,25,4.0,,Michael Manley AutoNation
2025-11-04,Christopher Womack,Southern Company,12,11,2,25,8.0,,Christopher Womack Southern Company
2025-11-04,Christopher Swift,The Hartford,5,17,3,25,12.0,,Christopher Swift The Hartford
2025-11-04,Marc Rowan,Apollo Global Management,3,16,6,25,24.0,,Marc Rowan Apollo Global Management
2025-11-04,Rick Wurster,Charles Schwab,4,19,2,25,8.0,,Rick Wurster Charles Schwab
2025-11-04,Chris Kempczinski,McDonalds,9,11,5,25,20.0,,Chris Kempczinski McDonalds
2025-11-04,Carlos Abrams-Rivera,Kraft Heinz,6,15,4,25,16.0,,Carlos Abrams-Rivera Kraft Heinz
2025-11-04,Lisa Su,Advanced Micro Devices,11,9,5,25,20.0,,Lisa Su Advanced Micro Devices
2025-11-04,William H Rogers Jr,Truist Financial,6,12,2,20,10.0,,William H Rogers Jr Truist Financial
2025-11-04,Kathleen Quirk,Freeport-McMoRan,9,14,2,25,8.0,,Kathleen Quirk Freeport-McMoRan
2025-11-04,Sanjay Mehrotra,Micron Technology,8,15,2,25,8.0,,Sanjay Mehrotra Micron Technology
2025-11-04,Anthony Capuano,Marriott International,7,15,3,25,12.0,,Anthony Capuano Marriott International
2025-11-04,David Gitlin,Carrier Global,8,13,4,25,16.0,,David Gitlin Carrier Global
2025-11-04,John Ketchum,NextEra Energy,18,7,0,25,0.0,,John Ketchum NextEra Energy
2025-11-04,William M Brown,3M Company,5,17,3,25,12.0,,William M Brown 3M Company
2025-11-04,John Doyle,Marsh & McLennan,3,16,6,25,24.0,,John Doyle Marsh & McLennan
2025-11-04,Patricia Poppe,PG&E,7,13,5,25,20.0,,Patricia Poppe PG&E
2025-11-04,Jim Vena,Union Pacific,9,16,0,25,0.0,,Jim Vena Union Pacific
2025-11-04,Brian Doubles,Synchrony Financial,6,18,1,25,4.0,,Brian Doubles Synchrony Financial
2025-11-04,Rainer Blair,Danaher,8,15,2,25,8.0,,Rainer Blair Danaher
2025-11-04,Philip Gallagher,Avnet,5,19,1,25,4.0,,Philip Gallagher Avnet
2025-11-04,Glenn Fogel,Booking Holdings,9,11,5,25,20.0,,Glenn Fogel Booking Holdings
2025-11-04,Ezra Yacob,EOG Resources,14,10,1,25,4.0,,Ezra Yacob EOG Resources
2025-11-04,Earl Austin,Quanta Services,7,10,2,19,10.5,,Earl Austin Quanta Services
2025-11-04,Michael Shepherd,Discover Financial,7,14,4,25,16.0,,Michael Shepherd Discover Financial
2025-11-04,Joseph Dominguez,Constellation Energy,12,11,2,25,8.0,,Joseph Dominguez Constellation Energy
2025-11-04,William Stengel II,Genuine Parts,2,15,0,17,0.0,,William Stengel II Genuine Parts
2025-11-04,Christian Ulbrich,Jones Lang LaSalle,8,15,2,25,8.0,,Christian Ulbrich Jones Lang LaSalle
2025-11-04,Raymond E Scott,Lear Corporation,3,17,2,22,9.1,,Raymond E Scott Lear Corporation
2025-11-04,Michael Rapino,Live Nation Entertainment,6,12,7,25,28.0,,Michael Rapino Live Nation Entertainment
2025-11-04,Heidi Petz,Sherwin-Williams,4,13,8,25,32.0,,Heidi Petz Sherwin-Williams
2025-11-04,Calvin G Butler Jr,Exelon,6,13,1,20,5.0,,Calvin G Butler Jr Exelon
2025-11-04,Tony Spring,Macys,3,19,3,25,12.0,,Tony Spring Macys
2025-11-04,Jeff Miller,Halliburton,7,9,9,25,36.0,,Jeff Miller Halliburton
2025-11-04,Kevin Lobo,Stryker,7,13,5,25,20.0,,Kevin Lobo Stryker
2025-11-04,Tony Cheng,Reinsurance Group of America,0,11,2,13,15.4,,Tony Cheng Reinsurance Group of America
2025-11-04,Ronald P O'Hanley,State Street,4,18,3,25,12.0,,Ronald P O'Hanley State Street
2025-11-04,John Engel,WESCO International,7,17,1,25,4.0,,John Engel WESCO International
2025-11-04,Pierce Norton II,Oneok,11,10,2,23,8.7,,Pierce Norton II Oneok
2025-11-04,Shantanu Narayen,Adobe,9,16,0,25,0.0,,Shantanu Narayen Adobe
2025-11-04,Bill Westrate,American Family Insurance,9,13,3,25,12.0,,Bill Westrate American Family Insurance
2025-11-04,Chris Kubasik,L3Harris Technologies,7,16,2,25,8.0,,Chris Kubasik L3Harris Technologies
2025-11-04,James Conroy,Ross Stores,4,19,2,25,8.0,,James Conroy Ross Stores
2025-11-04,Christine Leahy,CDW,1,21,3,25,12.0,,Christine Leahy CDW
2025-11-04,Saumya Sutaria,Tenet Healthcare,3,10,3,16,18.8,,Saumya Sutaria Tenet Healthcare
2025-11-04,Bob Eddy,BJ's Wholesale Club,4,18,3,25,12.0,,Bob Eddy BJ's Wholesale Club
2025-11-04,Mike Lyons,Fiserv,4,15,6,25,24.0,,Mike Lyons Fiserv
2025-11-04,William Gifford,Altria,7,16,2,25,8.0,,William Gifford Altria
2025-11-04,Larry Fink,BlackRock,5,15,5,25,20.0,,Larry Fink BlackRock
2025-11-04,Thomas Polen,Becton Dickinson,8,14,3,25,12.0,,Thomas Polen Becton Dickinson
2025-11-04,Noel Wallace,Colgate-Palmolive,4,19,2,25,8.0,,Noel Wallace Colgate-Palmolive
2025-11-04,Michael Hsu,Kimberly-Clark,5,18,2,25,8.0,,Michael Hsu Kimberly-Clark
2025-11-04,Daryl Kenningham,Group 1 Automotive,3,17,5,25,20.0,,Daryl Kenningham Group 1 Automotive
2025-11-04,Jennifer Parmentier,Parker-Hannifin,1,18,0,19,0.0,,Jennifer Parmentier Parker-Hannifin
2025-11-04,Jeffrey Harmening,General Mills,7,11,7,25,28.0,,Jeffrey Harmening General Mills
2025-11-04,Ravi Kumar S,Cognizant Technology Solutions,11,13,1,25,4.0,,Ravi Kumar S Cognizant Technology Solutions
2025-11-04,William Fehrman,American Electric Power,6,17,0,23,0.0,,William Fehrman American Electric Power
2025-11-04,Peter Arduini,GE HealthCare Technologies,6,16,3,25,12.0,,Peter Arduini GE HealthCare Technologies
2025-11-04,Maria Black,Automatic Data Processing,11,14,0,25,0.0,,Maria Black Automatic Data Processing
2025-11-04,Lourenco Goncalves,Cleveland-Cliffs,8,11,6,25,24.0,,Lourenco Goncalves Cleveland-Cliffs
2025-11-04,Dan Amos,Aflac,5,13,7,25,28.0,,Dan Amos Aflac
2025-11-04,Mark Stewart,Goodyear Tire & Rubber,5,20,0,25,0.0,,Mark Stewart Goodyear Tire & Rubber
2025-11-04,Kevin Hogan,Corebridge Financial,9,10,2,21,9.5,,Kevin Hogan Corebridge Financial
2025-11-04,Thomas Palmer,Newmont,3,21,1,25,4.0,,Thomas Palmer Newmont
2025-11-04,Andrew Silvernail,International Paper,6,16,3,25,12.0,,Andrew Silvernail International Paper
2025-11-04,Philip Daniele III,AutoZone,5,15,5,25,20.0,,Philip Daniele III AutoZone
2025-11-04,Ellen Cooper,Lincoln National,4,20,1,25,4.0,,Ellen Cooper Lincoln National
2025-11-04,Ryan Marshall,PulteGroup,8,11,6,25,24.0,,Ryan Marshall PulteGroup
2025-11-04,James Cracchiolo,Ameriprise Financial,2,19,4,25,16.0,,James Cracchiolo Ameriprise Financial
2025-11-04,Andrew Clyde,Murphy USA,11,13,1,25,4.0,,Andrew Clyde Murphy USA
2025-11-04,Jonas Prising,ManpowerGroup,7,15,3,25,12.0,,Jonas Prising ManpowerGroup
2025-11-04,David Bozeman,CH Robinson Worldwide,3,20,2,25,8.0,,David Bozeman CH Robinson Worldwide
2025-11-04,Timothy Knavish,PPG Industries,2,10,2,14,14.3,,Timothy Knavish PPG Industries
2025-11-04,Pedro Pizarro,Edison International,0,9,16,25,64.0,,Pedro Pizarro Edison International
2025-11-04,Mark Millett,Steel Dynamics,23,2,0,25,0.0,,Mark Millett Steel Dynamics
2025-11-04,Benjamin Tisch,Loews,2,17,0,19,0.0,,Benjamin Tisch Loews
2025-11-04,Karsanbhai,Emerson Electric,2,20,3,25,12.0,,Karsanbhai Emerson Electric
2025-11-04,John Zillmer,Aramark,7,16,2,25,8.0,,John Zillmer Aramark
2025-11-04,William Hornbuckle,MGM Resorts International,10,10,5,25,20.0,,William Hornbuckle MGM Resorts International
2025-11-04,James Burke,Vistra,14,5,0,19,0.0,,James Burke Vistra
2025-11-04,David Hult,Asbury Automotive Group,3,21,1,25,4.0,,David Hult Asbury Automotive Group
2025-11-04,DG Macpherson,WW Grainger,4,16,2,22,9.1,,DG Macpherson WW Grainger
2025-11-04,Eric Slifka,Global Partners,5,14,6,25,24.0,,Eric Slifka Global Partners
2025-11-04,Bob Pragada,Jacobs Solutions,10,13,2,25,8.0,,Bob Pragada Jacobs Solutions
2025-11-04,Charles Magro,Corteva,1,8,1,10,10.0,,Charles Magro Corteva
2025-11-04,Rick Lanoha,Peter Kiewit Sons',0,6,0,6,0.0,,Rick Lanoha Peter Kiewit Sons'
2025-11-04,Michael Mahoney,Boston Scientific,7,16,2,25,8.0,,Michael Mahoney Boston Scientific
2025-11-04,Brad Beckham,O'Reilly Automotive,6,17,2,25,8.0,,Brad Beckham O'Reilly Automotive
2025-11-04,Thomas Bell,Leidos,6,18,1,25,4.0,,Thomas Bell Leidos
2025-11-04,Thomas Gayner,Markel Group,6,17,2,25,8.0,,Thomas Gayner Markel Group
2025-11-04,Marc Bitzer,Whirlpool,8,12,5,25,20.0,,Marc Bitzer Whirlpool
2025-11-04,Andrew McMahon,Guardian Life insurance,5,20,0,25,0.0,,Andrew McMahon Guardian Life insurance
2025-11-04,Peter Jackson,Builders FirstSource,4,19,1,24,4.2,,Peter Jackson Builders FirstSource
2025-11-04,Michael Rhodes,Ally Financial,6,15,4,25,16.0,,Michael Rhodes Ally Financial
2025-11-04,Matthew Meloy,Targa Resources,4,10,1,15,6.7,,Matthew Meloy Targa Resources
2025-11-04,James Breuer,Fluor,3,8,0,11,0.0,,James Breuer Fluor
2025-11-04,Sasan Goodarzi,Intuit,6,18,1,25,4.0,,Sasan Goodarzi Intuit
2025-11-04,Troy Rudd,AECOM,4,19,2,25,8.0,,Troy Rudd AECOM
2025-11-04,Penny Pennington,Edward Jones,5,14,6,25,24.0,,Penny Pennington Edward Jones
2025-11-04,Michael Bender,Kohl's,1,15,9,25,36.0,,Michael Bender Kohl's
2025-11-04,Beth Ford,Land O'Lakes,8,15,2,25,8.0,,Beth Ford Land O'Lakes
2025-11-04,Deanna Strable-Soethout,PrIncipal Financial,1,7,0,8,0.0,,Deanna Strable-Soethout PrIncipal Financial
2025-11-04,Robert Blue,Dominion Energy,18,5,2,25,8.0,,Robert Blue Dominion Energy
2025-11-04,Martin Schroeter,Kyndryl,9,15,1,25,4.0,,Martin Schroeter Kyndryl
2025-11-04,Jon Vander Ark,Republic Services,6,7,12,25,48.0,,Jon Vander Ark Republic Services
2025-11-04,Clay Gaspar,Devon Energy,22,1,2,25,8.0,,Clay Gaspar Devon Energy
2025-11-04,Christopher O'Herlihy,Illinois Tool Works,5,17,3,25,12.0,,Christopher O'Herlihy Illinois Tool Works
2025-11-04,Michael O'Grady,Northern Trust,17,8,0,25,0.0,,Michael O'Grady Northern Trust
2025-11-04,Jamie Whisnant,Auto-Owners Insurance,0,2,0,2,0.0,,Jamie Whisnant Auto-Owners Insurance
2025-11-04,Marc Miller,Universal Health Services,7,16,2,25,8.0,,Marc Miller Universal Health Services
2025-11-04,Darryl Button,Pacific Life,4,20,1,25,4.0,,Darryl Button Pacific Life
2025-11-04,Hamid Akhavan,EchoStar,7,13,5,25,20.0,,Hamid Akhavan EchoStar
2025-11-04,Christophe Beck,Ecolab,16,7,2,25,8.0,,Christophe Beck Ecolab
2025-11-04,Jack Fusco,Cheniere Energy,15,8,2,25,8.0,,Jack Fusco Cheniere Energy
2025-11-04,John Wren,Omnicom Group,9,13,3,25,12.0,,John Wren Omnicom Group
2025-11-04,Haviv Ilan,Texas Instruments,5,16,4,25,16.0,,Haviv Ilan Texas Instruments
2025-11-04,David Burritt,United States Steel,3,15,7,25,28.0,,David Burritt United States Steel
2025-11-04,Stéphane de La Faverie,Estée Lauder,7,16,2,25,8.0,,Stéphane de La Faverie Estée Lauder
2025-11-04,Raul Nicholas Vargas Ochoa,Farmers Insurance Exchange,0,0,0,0,0.0,,Raul Nicholas Vargas Ochoa Farmers Insurance Exchange
2025-11-04,Kirk Perry,Kenvue,3,21,1,25,4.0,,Kirk Perry Kenvue
2025-11-04,Ari Bousbib,IQVIA,7,16,2,25,8.0,,Ari Bousbib IQVIA
2025-11-04,Donald Allan,Stanley Black & Decker,3,20,2,25,8.0,,Donald Allan Stanley Black & Decker
2025-11-04,Timothy Cofer,Keurig Dr Pepper,4,10,2,16,12.5,,Timothy Cofer Keurig Dr Pepper
2025-11-04,Matthew Flannery,United Rentals,23,2,0,25,0.0,,Matthew Flannery United Rentals
2025-11-04,Timothy Cawley,Consolidated Edison,5,8,6,19,31.6,,Timothy Cawley Consolidated Edison
2025-11-04,Adam Norwitt,Amphenol,9,15,1,25,4.0,,Adam Norwitt Amphenol
2025-11-04,Brent Shafer,Baxter International,2,19,0,21,0.0,,Brent Shafer Baxter International
2025-11-04,Kimberly Dang,Kinder Morgan,16,1,1,18,5.6,,Kimberly Dang Kinder Morgan
2025-11-04,Erik Nordstrom,Nordstrom,6,18,1,25,4.0,,Erik Nordstrom Nordstrom
2025-11-04,Frank Holding,First Citizens BancShares,9,15,1,25,4.0,,Frank Holding First Citizens BancShares
2025-11-04,Paul Shoukry,Raymond James Financial,9,16,0,25,0.0,,Paul Shoukry Raymond James Financial
2025-11-04,Timothy Archer,Lam Research,6,11,8,25,32.0,,Timothy Archer Lam Research
2025-11-04,Harry Lawton III,Tractor Supply,0,9,2,11,18.2,,Harry Lawton III Tractor Supply
2025-11-04,Darren Rebelez,Caseys General Stores,9,14,2,25,8.0,,Darren Rebelez Caseys General Stores
2025-11-04,Scott Smith,Viatris,9,15,1,25,4.0,,Scott Smith Viatris
2025-11-04,James Blackledge,Mutual of Omaha,1,17,1,19,5.3,,James Blackledge Mutual of Omaha
2025-11-04,Anthony Guzzi,EMCOR Group,4,6,1,11,9.1,,Anthony Guzzi EMCOR Group
2025-11-04,Joseph Hinrichs,CSX,7,14,4,25,16.0,,Joseph Hinrichs CSX
2025-11-04,Justin Jude,LKQ,3,12,1,16,6.2,,Justin Jude LKQ
2025-11-04,Judith Marks,Otis Worldwide,2,10,2,14,14.3,,Judith Marks Otis Worldwide
2025-11-04,David Bruton Smith,Sonic Automotive,2,13,10,25,40.0,,David Bruton Smith Sonic Automotive
2025-11-04,Martina Cheung,S&P Global,7,18,0,25,0.0,,Martina Cheung S&P Global
2025-11-04,Leonard Schleifer,Regeneron Pharmaceuticals,4,15,6,25,24.0,,Leonard Schleifer Regeneron Pharmaceuticals
2025-11-04,Joseph Fadool,BorgWarner,2,16,0,18,0.0,,Joseph Fadool BorgWarner
2025-11-04,Karla Lewis,Reliance Inc,6,9,0,15,0.0,,Karla Lewis Reliance Inc
2025-11-04,John Barrett,Western & Southern Financial,6,19,0,25,0.0,,John Barrett Western & Southern Financial
2025-11-04,Scott Donnelly,Textron,9,16,0,25,0.0,,Scott Donnelly Textron
2025-11-04,Ariane Gorin,Expedia,8,14,3,25,12.0,,Ariane Gorin Expedia
2025-11-04,Michael Nolan,Fidelity National Financial,4,13,0,17,0.0,,Michael Nolan Fidelity National Financial
2025-11-04,Ernest Garcia III,Carvana,16,8,1,25,4.0,,Ernest Garcia III Carvana
2025-11-04,Raul Fernandez,DXC Technology,3,21,1,25,4.0,,Raul Fernandez DXC Technology
2025-11-04,Robert Berkley,WR Berkley,5,18,2,25,8.0,,Robert Berkley WR Berkley
2025-11-04,René Jones,M&T Bank,7,15,3,25,12.0,,René Jones M&T Bank
2025-11-04,Lauren Hobart,Dicks Sporting Goods,5,13,7,25,28.0,,Lauren Hobart Dicks Sporting Goods
2025-11-04,Robert Frenzel,Xcel Energy,14,5,6,25,24.0,,Robert Frenzel Xcel Energy
2025-11-04,Timothy Spence,Fifth Third Bancorp,7,13,5,25,20.0,,Timothy Spence Fifth Third Bancorp
2025-11-04,Stephen Schwarzman,Blackstone,4,17,4,25,16.0,,Stephen Schwarzman Blackstone
2025-11-04,Walker Martin,Sempra,1,2,0,3,0.0,,Walker Martin Sempra
2025-11-04,Timothy NeCastro,Erie Insurance,4,10,1,15,6.7,,Timothy NeCastro Erie Insurance
2025-11-04,Wendell Weeks,Corning,4,18,3,25,12.0,,Wendell Weeks Corning
2025-11-04,Kathleen Johnson,Lumen Technologies,5,19,1,25,4.0,,Kathleen Johnson Lumen Technologies
2025-11-04,Brian Tierney,FirstEnergy,5,16,4,25,16.0,,Brian Tierney FirstEnergy
2025-11-04,Adam Schechter,Labcorp Holdings,6,13,3,22,13.6,,Adam Schechter Labcorp Holdings
2025-11-04,Tiang Yew Tan,Western Digital,2,5,1,8,12.5,,Tiang Yew Tan Western Digital
2025-11-04,Rick McKenney,Unum Group,13,11,1,25,4.0,,Rick McKenney Unum Group
2025-11-04,Javier Rodriguez,DaVita,11,14,0,25,0.0,,Javier Rodriguez DaVita
2025-11-04,Steven Cahillane,Kellanova,9,13,3,25,12.0,,Steven Cahillane Kellanova
2025-11-04,Stanley Bergman,Henry Schein,3,20,2,25,8.0,,Stanley Bergman Henry Schein
2025-11-04,Robert Sanchez,Ryder System,12,11,2,25,8.0,,Robert Sanchez Ryder System
2025-11-04,Tim Hingtgen,Community Health Systems,6,15,4,25,16.0,,Tim Hingtgen Community Health Systems
2025-11-04,Avigal Soreq,Delek US,4,16,4,24,16.7,,Avigal Soreq Delek US
2025-11-04,Gerardo Norcia,DTE Energy,11,3,1,15,6.7,,Gerardo Norcia DTE Energy
2025-11-04,Mark Pearson,Equitable Holdings,8,15,2,25,8.0,,Mark Pearson Equitable Holdings
2025-11-04,Lori Koch,DuPont de Nemours,6,19,0,25,0.0,,Lori Koch DuPont
2025-11-04,Rich Steinmeier,LPL Financial,14,9,2,25,8.0,,Rich Steinmeier LPL Financial
2025-11-04,Bruce Van Saun,Citizens Financial Group,10,15,0,25,0.0,,Bruce Van Saun Citizens Financial Group
2025-11-04,José Mas,MasTec,7,17,1,25,4.0,,José Mas MasTec
2025-11-04,Andrés Gluski,AES,12,10,3,25,12.0,,Andrés Gluski AES
2025-11-04,Kevin Kwilinski,Berry Global,5,19,1,25,4.0,,Kevin Kwilinski Berry Global
2025-11-04,Mark George,Norfolk Southern,7,16,2,25,8.0,,Mark George Norfolk Southern
2025-11-04,Eduardo Menezes,Air Products & Chemicals,4,17,4,25,16.0,,Eduardo Menezes Air Products & Chemicals
2025-11-04,Shelley Simpson,JB Hunt Transport Services,3,19,3,25,12.0,,Shelley Simpson JB Hunt Transport Services
2025-11-04,Daniel Fisher,Ball Corporation,7,18,0,25,0.0,,Daniel Fisher Ball Corporation
2025-11-04,Sean Connolly,Conagra Brands,6,15,4,25,16.0,,Sean Connolly Conagra Brands
2025-11-04,Stephen Steinour,Huntington Bancshares,12,11,2,25,8.0,,Stephen Steinour Huntington Bancshares
2025-11-04,James Snee,Hormel Foods,0,24,1,25,4.0,,James Snee Hormel Foods
2025-11-04,Joseph Nolan,Eversource Energy,9,13,3,25,12.0,,Joseph Nolan Eversource Energy
2025-11-04,William Oplinger,Alcoa Corporation,1,13,11,25,44.0,,William Oplinger Alcoa Corporation
2025-11-04,Andrew Marsh,Entergy,5,12,1,18,5.6,,Andrew Marsh Entergy
2025-11-04,Keith Demmings,Assurant,2,9,0,11,0.0,,Keith Demmings Assurant
2025-11-04,Sumit Singh,Chewy,8,11,6,25,24.0,,Sumit Singh Chewy
2025-11-04,Niraj Shah,Wayfair,8,14,3,25,12.0,,Niraj Shah Wayfair
2025-11-04,Joseph Ferraro,Avis Budget,3,15,6,24,25.0,,Joseph Ferraro Avis Budget
2025-11-04,Jeffrey Sprecher,Intercontinental Exchange,8,17,0,25,0.0,,Jeffrey Sprecher Intercontinental Exchange
2025-11-04,Benito Minicucci,Alaska Air,2,6,2,10,20.0,,Benito Minicucci Alaska Air
2025-11-04,Malcolm Wilson,GXO Logistics,5,20,0,25,0.0,,Malcolm Wilson GXO Logistics
2025-11-04,Eric Hansotia,AGCO,8,12,5,25,20.0,,Eric Hansotia AGCO
2025-11-04,Kathleen Mazzarella,Graybar Electric,6,16,0,22,0.0,,Kathleen Mazzarella Graybar Electric
2025-11-04,Gavin Hattersley,Molson Coors Beverage,4,20,1,25,4.0,,Gavin Hattersley Molson Coors Beverage
2025-11-04,Patrick Gallagher,Arthur J Gallagher,5,18,2,25,8.0,,Patrick Gallagher Arthur J Gallagher
2025-11-04,Christopher Kastner,Huntington Ingalls Industries,9,16,0,25,0.0,,Christopher Kastner Huntington Ingalls Industries
2025-11-04,Erik Fyrwald,International Flavors & Fragrances,10,13,2,25,8.0,,Erik Fyrwald International Flavors & Fragrances
2025-11-04,Ricardo Cardenas,Darden Restaurants,8,17,0,25,0.0,,Ricardo Cardenas Darden Restaurants
2025-11-04,Stephen Spray,CIncinnati Financial,5,17,3,25,12.0,,Stephen Spray CIncinnati Financial
2025-11-04,Scott Boatwright,Chipotle Mexican Grill,2,7,16,25,64.0,,Scott Boatwright Chipotle Mexican Grill
2025-11-04,Joey Wat,Yum China,9,15,1,25,4.0,,Joey Wat Yum China
2025-11-04,Robert Goldstein,Las Vegas Sands,6,16,3,25,12.0,,Robert Goldstein Las Vegas Sands
2025-11-04,Kecia Steelman,Ulta Beauty,18,5,2,25,8.0,,Kecia Steelman Ulta Beauty
2025-11-04,Thomas Reeg,Caesars Entertainment,13,11,1,25,4.0,,Thomas Reeg Caesars Entertainment
2025-11-04,Jon Rousseau,BrightSpring Health Services,11,14,0,25,0.0,,Jon Rousseau BrightSpring Health Services
2025-11-04,William Krueger,The Andersons Inc,3,15,0,18,0.0,,William Krueger The Andersons Inc
2025-11-04,Michele Buck,Hershey,2,22,1,25,4.0,,Michele Buck Hershey
2025-11-04,Christopher Nassetta,Hilton Worldwide,8,13,4,25,16.0,,Christopher Nassetta Hilton Worldwide
2025-11-04,Bruce Bodine,The Mosaic Company,5,12,5,22,22.7,,Bruce Bodine The Mosaic Company
2025-11-04,Brian Chesky,Airbnb,5,13,7,25,28.0,,Brian Chesky Airbnb
2025-11-04,Kaes Van’t Hof,Diamondback Energy,14,7,4,25,16.0,,Kaes Van’t Hof Diamondback Energy
2025-11-04,Steven Vondran,American Tower,6,8,2,16,12.5,,Steven Vondran American Tower
2025-11-04,Reshma Kewalramani,Vertex Pharmaceuticals,13,8,4,25,16.0,,Reshma Kewalramani Vertex Pharmaceuticals
2025-11-04,William McDermott,ServiceNow,3,17,5,25,20.0,,William McDermott ServiceNow
2025-11-04,Brian Chambers,Owens Corning,3,21,1,25,4.0,,Brian Chambers Owens Corning
2025-11-04,Teresa Rasmussen,Thrivent Financial for Lutherans,2,8,0,10,0.0,,Teresa Rasmussen Thrivent Financial for Lutherans
2025-11-04,Shane O'Kelly,Advance Auto Parts,8,14,3,25,12.0,,Shane O'Kelly Advance Auto Parts
2025-11-04,Douglas Yearley,Toll Brothers,5,15,5,25,20.0,,Douglas Yearley Toll Brothers
2025-11-04,Jeffrey Lorberbaum,Mohawk Industries,11,12,2,25,8.0,,Jeffrey Lorberbaum Mohawk Industries
2025-11-04,Gregory Brown,Motorola Solutions,7,15,3,25,12.0,,Gregory Brown Motorola Solutions
2025-11-04,John Pfeifer,Oshkosh Corporation,5,20,0,25,0.0,,John Pfeifer Oshkosh Corporation
2025-11-04,Tony Xu,DoorDash,7,14,4,25,16.0,,Tony Xu DoorDash
2025-11-04,Edward Pesicka,Owens & Minor,4,19,2,25,8.0,,Edward Pesicka Owens & Minor
2025-11-04,Eugene Bredow,NVR Inc,0,9,1,10,10.0,,Eugene Bredow NVR Inc
2025-11-04,Philippe Krakowsky,Interpublic Group,7,18,0,25,0.0,,Philippe Krakowsky Interpublic Group
2025-11-04,Horacio Rozanski,Booz Allen Hamilton,10,10,5,25,20.0,,Horacio Rozanski Booz Allen Hamilton
2025-11-04,Michael O’Sullivan,Burlington Stores,4,19,2,25,8.0,,Michael O’Sullivan Burlington Stores
2025-11-04,Daniel Wall,Expeditors International of Washington,5,4,0,9,0.0,,Daniel Wall Expeditors International of Washington
2025-11-04,Calvin McDonald,Lululemon athletica,7,13,5,25,20.0,,Calvin McDonald Lululemon athletica
2025-11-04,Stephanie Ferris,Fidelity National Information Services,8,15,2,25,8.0,,Stephanie Ferris Fidelity National Information Services
2025-11-04,Rich Handler,Jefferies Financial,8,7,10,25,40.0,,Rich Handler Jefferies Financial
2025-11-04,Alan Armstrong,Williams Companies,12,11,2,25,8.0,,Alan Armstrong Williams Companies
2025-11-04,Bracken Darrell,VF Corporation,7,16,2,25,8.0,,Bracken Darrell VF Corporation
2025-11-04,Mikael Bratt,Autoliv,5,10,7,22,31.8,,Mikael Bratt Autoliv
2025-11-04,Rafael Santana,Westinghouse Air Brake Technologies,8,13,4,25,16.0,,Rafael Santana Westinghouse Air Brake Technologies
2025-11-04,Ralph LaRossa,Public Service Enterprise Group,6,16,3,25,12.0,,Ralph LaRossa Public Service Enterprise Group
2025-11-04,Jamie Iannone,Ebay,6,19,0,25,0.0,,Jamie Iannone Ebay
2025-11-04,Scott Richardson,Celanese,5,15,2,22,9.1,,Scott Richardson Celanese
2025-11-04,Cameron Bready,Global Payments,7,17,1,25,4.0,,Cameron Bready Global Payments
2025-11-04,Robert Thomson,News Corp,0,20,5,25,20.0,,Robert Thomson News Corp
2025-11-04,Robert Martin,THOR Industries,9,12,2,23,8.7,,Robert Martin THOR Industries
2025-11-04,David Rawlinson II,QVC Group,10,12,3,25,12.0,,David Rawlinson II QVC Group
2025-11-04,Andrew Teno,Icahn Enterprises,5,11,3,19,15.8,,Andrew Teno Icahn Enterprises
2025-11-04,William Newlands,Constellation Brands,5,16,4,25,16.0,,William Newlands Constellation Brands
2025-11-04,James Davis,Quest Diagnostics,11,12,2,25,8.0,,James Davis Quest Diagnostics
2025-11-04,Richard Wallace,KLA,5,6,2,13,15.4,,Richard Wallace KLA
2025-11-04,Brad Jacobs,QXO Building Products,5,17,3,25,12.0,,Brad Jacobs QXO Building Products
2025-11-04,John Christmann IV,APA,2,11,0,13,0.0,,John Christmann IV APA
2025-11-04,Gregory Roberts,A-Mark Precious Metals,19,4,2,25,8.0,,Gregory Roberts A-Mark Precious Metals
2025-11-04,Christopher Viehbacher,Biogen,5,16,4,25,16.0,,Christopher Viehbacher Biogen
2025-11-04,Mick Beekhuizen,Campbell Soup,4,20,1,25,4.0,,Mick Beekhuizen Campbell Soup
2025-11-04,Christopher Caldwell,Concentrix,15,7,1,23,4.3,,Christopher Caldwell Concentrix
2025-11-04,Todd Schneider,Cintas,10,11,4,25,16.0,,Todd Schneider Cintas
2025-11-04,Tony Sarsam,SpartanNash,12,13,0,25,0.0,,Tony Sarsam SpartanNash
2025-11-04,John Venhuizen,Ace Hardware,7,17,1,25,4.0,,John Venhuizen Ace Hardware
2025-11-04,Vincent Roche,Analog Devices,13,11,1,25,4.0,,Vincent Roche Analog Devices
2025-11-04,Mark Costa,Eastman Chemical,2,16,7,25,28.0,,Mark Costa Eastman Chemical
2025-11-04,Milan Galik,Interactive Brokers,5,18,2,25,8.0,,Milan Galik Interactive Brokers
2025-11-04,John Turner,Regions Financial,11,12,2,25,8.0,,John Turner Regions Financial
2025-11-04,Joanna Geraghty,JetBlue Airways,8,9,8,25,32.0,,Joanna Geraghty JetBlue Airways
2025-11-04,Kristin Peck,Zoetis,7,17,1,25,4.0,,Kristin Peck Zoetis
2025-11-04,Christopher Gorman,KeyCorp,9,15,1,25,4.0,,Christopher Gorman KeyCorp
2025-11-04,Mark Bertolini,Oscar Health,6,15,4,25,16.0,,Mark Bertolini Oscar Health
2025-11-04,Brendan McCracken,Ovintiv,8,8,4,20,20.0,,Brendan McCracken Ovintiv
2025-11-04,Robert Steer,Seaboard,1,6,0,7,0.0,,Robert Steer Seaboard
2025-11-04,Gil West,Hertz,6,13,6,25,24.0,,Gil West Hertz
2025-11-04,Robert Greenberg,Skechers USA,1,24,0,25,0.0,,Robert Greenberg Skechers USA
2025-11-04,Dennis Mathew,Altice USA,7,14,4,25,16.0,,Dennis Mathew Altice USA
2025-11-04,Clay Williams,NOV,5,16,4,25,16.0,,Clay Williams NOV
2025-11-04,Michael Doss,Graphic Packaging,9,11,3,23,13.0,,Michael Doss Graphic Packaging
2025-11-04,Deon Stander,Avery Dennison,1,14,2,17,11.8,,Deon Stander Avery Dennison
2025-11-04,Adaire Fox-Martin,Equinix,9,12,4,25,16.0,,Adaire Fox-Martin Equinix
2025-11-04,Joyce Mullen,Insight Enterprises,6,18,1,25,4.0,,Joyce Mullen Insight Enterprises
2025-11-04,Jennifer Witz,Sirius XM,8,15,2,25,8.0,,Jennifer Witz Sirius XM
2025-11-04,Stefan Larsson,PVH,4,14,7,25,28.0,,Stefan Larsson PVH
2025-11-04,Jason P Wells,CenterPoint Energy,18,3,4,25,16.0,,Jason P Wells CenterPoint Energy
2025-11-04,Scott Lauber,WEC Energy,17,8,0,25,0.0,,Scott Lauber WEC Energy
2025-11-04,Matthew Pine,Xylem Inc,7,17,1,25,4.0,,Matthew Pine Xylem Inc
2025-11-04,Jennifer Johnson,Franklin Resources,5,19,1,25,4.0,,Jennifer Johnson Franklin Resources
2025-11-04,Vincent Sorgi,PPL Corporation,9,16,0,25,0.0,,Vincent Sorgi PPL Corporation
2025-11-04,Carl Eschenbach,Workday,6,12,7,25,28.0,,Carl Eschenbach Workday
2025-11-04,Richard Tobin,Dover Corporation,3,19,3,25,12.0,,Richard Tobin Dover Corporation
2025-11-04,Mark Kowlzan,Packaging Corp of America,7,15,3,25,12.0,,Mark Kowlzan Packaging Corp of America
2025-11-04,Scott Salmirs,ABM Industries,10,9,2,21,9.5,,Scott Salmirs ABM Industries
2025-11-04,Gary Guthart,Intuitive Surgical,8,13,4,25,16.0,,Gary Guthart Intuitive Surgical
2025-11-04,Carl Lindner lll,American Financial Group,6,13,6,25,24.0,,Carl Lindner lll American Financial Group
2025-11-04,Blake Moret,Rockwell Automation,8,15,2,25,8.0,,Blake Moret Rockwell Automation
2025-11-04,Bryan Hanson,Solventum,5,17,3,25,12.0,,Bryan Hanson Solventum
2025-11-04,Craig Smiddy,Old Republic International,5,12,1,18,5.6,,Craig Smiddy Old Republic International
2025-11-04,Christopher Hilger,Securian Financial,3,21,1,25,4.0,,Christopher Hilger Securian Financial
2025-11-04,Hamid Moghadam,Prologis,0,21,4,25,16.0,,Hamid Moghadam Prologis
2025-11-04,Mark Smucker,JM Smucker,9,13,3,25,12.0,,Mark Smucker JM Smucker
2025-11-04,Sheryl Palmer,Taylor Morrison Home,6,15,4,25,16.0,,Sheryl Palmer Taylor Morrison Home
2025-11-04,Mario Harik,XPO,6,17,2,25,8.0,,Mario Harik XPO
2025-11-04,Heather Lavallee,Voya Financial,4,19,2,25,8.0,,Heather Lavallee Voya Financial
2025-11-04,Nikesh Arora,Palo Alto Networks,5,11,9,25,36.0,,Nikesh Arora Palo Alto Networks
2025-11-04,Giordano Albertazzi,Vertiv,6,19,0,25,0.0,,Giordano Albertazzi Vertiv
2025-11-04,Shankh Mitra,Welltower,11,13,1,25,4.0,,Shankh Mitra Welltower
2025-11-04,Mary Dillon,Foot Locker,4,18,3,25,12.0,,Mary Dillon Foot Locker
2025-11-04,William Monteleone,Par Pacific,2,6,0,8,0.0,,William Monteleone Par Pacific
2025-11-04,Kevin Stein,TransDigm,8,15,2,25,8.0,,Kevin Stein TransDigm
2025-11-04,Peter Matt,Commercial Metals,8,12,5,25,20.0,,Peter Matt Commercial Metals
2025-11-04,Rob Vitale,Post Holdings,0,20,5,25,20.0,,Rob Vitale Post Holdings
2025-11-04,Keith Allman,Masco,8,16,1,25,4.0,,Keith Allman Masco
2025-11-04,Rusty Rush,Rush Enterprises,10,12,3,25,12.0,,Rusty Rush Rush Enterprises
2025-11-04,Stuart Bradie,KBR,9,14,2,25,8.0,,Stuart Bradie KBR
2025-11-04,Jack Sinclair,Sprouts Farmers Market,10,12,3,25,12.0,,Jack Sinclair Sprouts Farmers Market
2025-11-04,Laura Alber,Williams-Sonoma,7,14,4,25,16.0,,Laura Alber Williams-Sonoma
2025-11-04,Ivan Tornos,Zimmer Biomet,4,21,0,25,0.0,,Ivan Tornos Zimmer Biomet
2025-11-04,John Mengucci,CACI International,11,13,1,25,4.0,,John Mengucci CACI International
2025-11-04,Steve Sanghi,Microchip Technology,5,18,2,25,8.0,,Steve Sanghi Microchip Technology
2025-11-04,Albert Nahmad,Watsco,8,12,5,25,20.0,,Albert Nahmad Watsco
2025-11-04,Christopher Peterson,Newell Brands,5,18,2,25,8.0,,Christopher Peterson Newell Brands
2025-11-04,Arie Kotler,ARKO,3,20,2,25,8.0,,Arie Kotler ARKO
2025-11-04,Jure Sola,Sanmina,4,19,2,25,8.0,,Jure Sola Sanmina
2025-11-04,Andrew Wilson,Electronic Arts,10,10,5,25,20.0,,Andrew Wilson Electronic Arts
2025-11-04,David Gibbs,Yum Brands,1,24,0,25,0.0,,David Gibbs Yum Brands
2025-11-04,Daniel Florness,Fastenal,8,15,2,25,8.0,,Daniel Florness Fastenal
2025-11-04,Garrick Rochow,CMS Energy,22,2,1,25,4.0,,Garrick Rochow CMS Energy
2025-11-04,Rodney Sacks,Monster Beverage,11,13,1,25,4.0,,Rodney Sacks Monster Beverage
2025-11-04,Mark Shapiro,Endeavor Group Holdings,0,21,4,25,16.0,,Mark Shapiro Endeavor Group Holdings
2025-11-04,Toni Townes-Whitley,Science Applications International,4,19,2,25,8.0,,Toni Townes-Whitley Science Applications International
2025-11-04,Mark Witkowski,Core & Main,3,17,5,25,20.0,,Mark Witkowski Core & Main
2025-11-04,John Plant,Howmet Aerospace,6,17,2,25,8.0,,John Plant Howmet Aerospace
2025-11-04,James Zallie,Ingredion,10,14,1,25,4.0,,James Zallie Ingredion
2025-11-04,Thomas Hill,Vulcan Materials,12,12,1,25,4.0,,Thomas Hill Vulcan Materials
2025-11-04,Donald Zurbay,Patterson Companies Inc,0,6,3,9,33.3,,Donald Zurbay Patterson Companies Inc
2025-11-04,Anthony Smurfit,Smurfit Westrock,8,10,7,25,28.0,,Anthony Smurfit Smurfit Westrock
2025-11-04,Richard P Dealy,Pioneer Natural Resources,3,6,0,9,0.0,,Richard P Dealy Pioneer Natural Resources
2025-11-04,Derek Chang,Liberty Media,25,0,0,25,0.0,,Derek Chang Liberty Media
2025-11-04,Timothy J Donahue,Crown Holdings,3,21,1,25,4.0,,Timothy J Donahue Crown Holdings
2025-11-04,R Bruce McDonald,Dana Incorporated,6,18,1,25,4.0,,R Bruce McDonald Dana Incorporated
2025-11-04,J Kent Masters,Albemarle Corporation,3,11,6,20,30.0,,J Kent Masters Albemarle Corporation
2025-11-04,Malcolm C Roberts,FM Global,7,13,5,25,20.0,,Malcolm C Roberts FM Global
2025-11-04,Mike Speetzen,Polaris Inc,4,16,5,25,20.0,,Mike Speetzen Polaris Inc
2025-11-04,Bob Flexon,UGI Utilities Inc,2,6,2,10,20.0,,Bob Flexon UGI Utilities Inc
2025-11-04,Robert D Lawler,Continental Resources,0,1,0,1,0.0,,Robert D Lawler Continental Resources
2025-11-04,Domenic Dell’Osso Jr,Expand Energy Corporation,10,0,0,10,0.0,,Domenic Dell’Osso Jr Expand Energy Corporation
2025-11-04,H Michael Krimbill,NGL Energy Partners,7,3,0,10,0.0,,H Michael Krimbill NGL Energy Partners
2025-11-04,Hassane El-Khoury,ON Semiconductor,2,15,8,25,32.0,,Hassane El-Khoury ON Semiconductor
2025-11-04,Joseph M Otting,Flagstar Financial,7,8,3,18,16.7,,Joseph M Otting Flagstar Financial
2025-11-04,Gerry P Smith,ODP Business Solutions,3,4,2,9,22.2,,Gerry P Smith ODP Business Solutions
2025-11-04,Devin Stockfish,Weyerhaeuser,8,14,3,25,12.0,,Devin Stockfish Weyerhaeuser
2025-11-04,Thomas J McInerney,Genworth Financial,7,3,1,11,9.1,,Thomas J McInerney Genworth Financial
2025-11-04,Daniel Heaf,Bath & Body Works,8,16,1,25,4.0,,Daniel Heaf Bath & Body Works
2025-11-04,Linda Rendle,Clorox,1,21,3,25,12.0,,Linda Rendle Clorox
2025-11-04,Frank C Sullivan,RPM International,5,18,2,25,8.0,,Frank C Sullivan RPM International
2025-11-04,Matthew Missad,UFP Industries,10,8,2,20,10.0,,Matthew Missad UFP Industries
2025-11-04,Martin J Lyons,Ameren,1,9,2,12,16.7,,Martin J Lyons Ameren
2025-11-04,Adam W Miller,Knight Swift Transportation,4,13,3,20,15.0,,Adam W Miller Knight Swift Transportation
2025-11-04,Charles Liang,Super Micro Computer,17,6,2,25,8.0,,Charles Liang Super Micro Computer
2025-11-04,Gordon J Hardie,O-I Glass,0,6,0,6,0.0,,Gordon J Hardie O-I Glass
2025-11-04,Steve Henry,Domtar,2,11,0,13,0.0,,Steve Henry Domtar
2025-11-04,Chuck Treadway,CommScope,4,18,3,25,12.0,,Chuck Treadway CommScope
2025-11-04,Steven J Moskowitz,Crown Castle,4,6,2,12,16.7,,Steven J Moskowitz Crown Castle
2025-11-04,Emmanuel Ligner,Avantor,3,16,3,22,13.6,,Emmanuel Ligner Avantor
2025-11-04,Kaz Nejatian,Opendoor Technologies,8,14,3,25,12.0,,Kaz Nejatian Opendoor Technologies
2025-11-04,Russell Becker,APi Group,5,20,0,25,0.0,,Russell Becker APi Group
2025-11-04,Toby Rice,EQT,14,11,0,25,0.0,,Toby Rice EQT
2025-11-04,Jesse Arenivas,EnLink Midstream,6,14,0,20,0.0,,Jesse Arenivas EnLink Midstream
2025-11-04,Steven Bandrowczak,Xerox,4,18,3,25,12.0,,Steven Bandrowczak Xerox
2025-11-04,Vicente Reynal,Ingersoll Rand,8,16,1,25,4.0,,Vicente Reynal Ingersoll Rand
2025-11-04,William T Dillard II,Dillards,9,12,4,25,16.0,,William T Dillard II Dillards
2025-11-04,C Howard Nye,Martin Marietta Materials,2,5,4,11,36.4,,C Howard Nye Martin Marietta Materials
2025-11-04,Stephane Bancel,Moderna,5,10,10,25,40.0,,Stephane Bancel Moderna
2025-11-04,Nate R Jorgensen,Boise Cascade,1,1,0,2,0.0,,Nate R Jorgensen Boise Cascade
2025-11-04,Padraig McDonnell,Agilent Technologies,10,15,0,25,0.0,,Padraig McDonnell Agilent Technologies
2025-11-04,Kenneth T Lane,Olin,1,4,0,5,0.0,,Kenneth T Lane Olin
2025-11-04,Randall C Stuewe,Darling Ingredients,24,1,0,25,0.0,,Randall C Stuewe Darling Ingredients
2025-11-04,R Howard Coker,Sonoco Products,3,8,2,13,15.4,,R Howard Coker Sonoco Products
2025-11-04,Lee M Tillman,Marathon Oil,1,15,2,18,11.1,,Lee M Tillman Marathon Oil
2025-11-04,Mark Hoplamazian,Hyatt Hotels,7,17,1,25,4.0,,Mark Hoplamazian Hyatt Hotels
2025-11-04,David S Chernow,Select Medical Holdings,1,9,0,10,0.0,,David S Chernow Select Medical Holdings
2025-11-04,Brendan M Foley,McCormick & Company,4,21,0,25,0.0,,Brendan M Foley McCormick & Company
2025-11-04,Joanne Crevoiserat,Tapestry,13,9,3,25,12.0,,Joanne Crevoiserat Tapestry
2025-11-04,W Anthony Will,CF Industries,4,21,0,25,0.0,,W Anthony Will CF Industries
2025-11-04,David A Zapico,Ametek,4,20,0,24,0.0,,David A Zapico Ametek
2025-11-04,Craig Billings,Wynn Resorts,5,15,5,25,20.0,,Craig Billings Wynn Resorts
2025-11-04,Giel Rutten,Amkor Technology,5,19,1,25,4.0,,Giel Rutten Amkor Technology
2025-11-04,Paul Sarvadi,Insperity,6,19,0,25,0.0,,Paul Sarvadi Insperity
2025-11-04,Rob Sharps,T Rowe Price,6,14,5,25,20.0,,Rob Sharps T Rowe Price
2025-11-04,Patrice Louvet,Ralph Lauren,8,12,5,25,20.0,,Patrice Louvet Ralph Lauren
2025-11-04,Jeffrey Mezger,KB Home,2,14,9,25,36.0,,Jeffrey Mezger KB Home
2025-11-04,David M Foulkes,Brunswick Corporation,3,15,0,18,0.0,,David M Foulkes Brunswick Corporation
2025-11-04,M Keith Waddell,Robert Half,13,11,1,25,4.0,,M Keith Waddell Robert Half
2025-11-04,Jay Snowden,PENN Entertainment,8,11,6,25,24.0,,Jay Snowden PENN Entertainment
2025-11-04,George Kurian,NetApp,15,8,2,25,8.0,,George Kurian NetApp
2025-11-04,Kevin Ali,Organon,2,7,16,25,64.0,,Kevin Ali Organon
2025-11-04,Joel D Anderson,Petco Health and Wellness,2,10,1,13,7.7,,Joel D Anderson Petco Health and Wellness
2025-11-04,Louis V Pinkham,Regal Rexnord,0,13,1,14,7.1,,Louis V Pinkham Regal Rexnord
2025-11-04,Jay Geldmacher,Resideo Technologies,15,9,1,25,4.0,,Jay Geldmacher Resideo Technologies
2025-11-04,Marcus Lemonis,Camping World,7,10,8,25,32.0,,Marcus Lemonis Camping World
2025-11-04,Peter R Huntsman,Huntsman,7,13,5,25,20.0,,Peter R Huntsman Huntsman
2025-11-04,Hillary Super,Victorias Secret,8,8,9,25,36.0,,Hillary Super Victorias Secret
2025-11-04,Michelle Gass,Levi Strauss,8,17,0,25,0.0,,Michelle Gass Levi Strauss
2025-11-04,Neil Hunn,Roper Technologies,5,19,1,25,4.0,,Neil Hunn Roper Technologies
2025-11-04,Steven P Lawrence,Academy Sports and Outdoors,1,6,2,9,22.2,,Steven P Lawrence Academy Sports and Outdoors
2025-11-04,Phillippe Lord,Meritage Homes,8,16,1,25,4.0,,Phillippe Lord Meritage Homes
2025-11-04,David C Dauch,American Axle & Manufacturing,8,15,2,25,8.0,,David C Dauch American Axle & Manufacturing
2025-11-04,Olumide Soroye,Fortive,1,8,1,10,10.0,,Olumide Soroye Fortive
2025-11-04,Adena Friedman,Nasdaq Inc,11,13,1,25,4.0,,Adena Friedman Nasdaq Inc
2025-11-04,Tim Gokey,Broadridge Financial Solutions,6,18,1,25,4.0,,Tim Gokey Broadridge Financial Solutions
2025-11-04,Patrick M Shanahan,Spirit AeroSystems,2,16,3,21,14.3,,Patrick M Shanahan Spirit AeroSystems
2025-11-04,Robert Kyncl,Warner Music Group,10,12,3,25,12.0,,Robert Kyncl Warner Music Group
2025-11-04,Denise Dignam,Chemours,4,20,1,25,4.0,,Denise Dignam Chemours
2025-11-04,Jim DeVries,ADT,10,6,2,18,11.1,,Jim DeVries ADT
2025-11-04,Bernard Zovighian,Edwards Lifesciences,7,9,2,18,11.1,,Bernard Zovighian Edwards Lifesciences
2025-11-04,Mark E Seaton,First American Financial,1,18,0,19,0.0,,Mark E Seaton First American Financial
2025-11-04,John C Roche,Hanover Insurance Group,4,9,1,14,7.1,,John C Roche Hanover Insurance Group
2025-11-04,Adam J Greenlee,Silgan,2,5,1,8,12.5,,Adam J Greenlee Silgan
2025-11-04,Jayne Hrdlicka,Endeavor Group,3,20,2,25,8.0,,Jayne Hrdlicka Endeavor Group
2025-11-04,Robert Fauber,Moodys Corporation,7,12,4,23,17.4,,Robert Fauber Moodys Corporation
2025-11-04,Thomas E Jorden,Coterra Energy,13,0,0,13,0.0,,Thomas E Jorden Coterra Energy
2025-11-04,Eugene A Hall,Gartner,6,17,2,25,8.0,,Eugene A Hall Gartner
2025-11-04,Kevin Plank,Under Armour,4,18,3,25,12.0,,Kevin Plank Under Armour
2025-11-04,James W Lanning,Ingles Markets,3,6,0,9,0.0,,James W Lanning Ingles Markets
2025-11-04,Matthew T Farrell,Church & Dwight,12,10,3,25,12.0,,Matthew T Farrell Church & Dwight
2025-11-04,Kevin M Freeman,Old Dominion Freight Line,5,8,1,14,7.1,,Kevin M Freeman Old Dominion Freight Line
2025-11-04,Joe Shoen,U-Haul,5,15,5,25,20.0,,Joe Shoen U-Haul
2025-11-04,Jayshree Ullal,Arista Networks,10,14,1,25,4.0,,Jayshree Ullal Arista Networks
2025-11-04,Sassine Ghazi,Synopsys,7,14,4,25,16.0,,Sassine Ghazi Synopsys
2025-11-04,Jochen Zeitz,Harley-Davidson,2,17,6,25,24.0,,Jochen Zeitz Harley-Davidson
2025-11-04,Nick Jeffery,Frontier Communications,5,20,0,25,0.0,,Nick Jeffery Frontier Communications
2025-11-04,Thomas Edward McCormick,Primoris Services,1,3,1,5,20.0,,Thomas Edward McCormick Primoris Services
2025-11-04,D Christian Koch,Carlisle Companies,4,17,1,22,4.5,,D Christian Koch Carlisle Companies
2025-11-04,David E Simon,Simon Property Group,4,16,5,25,20.0,,David E Simon Simon Property Group
2025-11-04,Stephen Bratspies,Hanesbrands,4,18,3,25,12.0,,Stephen Bratspies Hanesbrands
2025-11-04,Ryan M. Schneider,Anywhere Real Estate Inc,2,20,3,25,12.0,,Ryan M. Schneider Anywhere Real Estate Inc
2025-11-04,George Bobb III,Teledyne Technologies,1,8,0,9,0.0,,George Bobb III Teledyne Technologies
2025-11-04,Terrence A Duffy,CME Group,1,23,1,25,4.0,,Terrence A Duffy CME Group
2025-11-04,Rami Rahim,Juniper Networks,6,18,1,25,4.0,,Rami Rahim Juniper Networks
2025-11-04,Sue Nabi,Coty,4,15,6,25,24.0,,Sue Nabi Coty
2025-11-04,Peter D Arvan,Pool Corporation,5,17,3,25,12.0,,Peter D Arvan Pool Corporation
2025-11-04,David Campbell,Evergy,11,10,4,25,16.0,,David Campbell Evergy
2025-11-04,Matthew J Murphy,Marvell Technology,4,12,2,18,11.1,,Matthew J Murphy Marvell Technology
2025-11-04,Lloyd Yates,NiSource,13,11,1,25,4.0,,Lloyd Yates NiSource
2025-11-04,William C Stone,SS&C Technologies,10,10,5,25,20.0,,William C Stone SS&C Technologies
2025-11-04,Mark Rourke,Schneider National,6,18,1,25,4.0,,Mark Rourke Schneider National
2025-11-04,Andrew Anagnost,Autodesk,5,15,5,25,20.0,,Andrew Anagnost Autodesk
2025-11-04,Dustin Semach,Sealed Air Corporation,5,19,1,25,4.0,,Dustin Semach Sealed Air Corporation
2025-11-04,William L Meaney,Iron Mountain,5,15,3,23,13.0,,William L Meaney Iron Mountain
2025-11-04,Andy P Power,Digital Realty Trust,3,5,0,8,0.0,,Andy P Power Digital Realty Trust
2025-11-04,Satish Dhanasekaran,Keysight Technologies,2,11,0,13,0.0,,Satish Dhanasekaran Keysight Technologies
2025-11-04,Frank M Svoboda,Globe Life,3,5,3,11,27.3,,Frank M Svoboda Globe Life
2025-11-04,Carey A Smith,Parsons Corporation,10,13,2,25,8.0,,Carey A Smith Parsons Corporation
2025-11-04,Ynon Kreiz,Mattel,7,14,4,25,16.0,,Ynon Kreiz Mattel
2025-11-04,Karen S Haller,Southwest Gas Holdings,4,8,0,12,0.0,,Karen S Haller Southwest Gas Holdings
2025-11-04,Terrance Williams,TruStage,9,8,1,18,5.6,,Terrance Williams TruStage
2025-11-04,Eric W Gerstenberg,Clean Harbors,4,2,1,7,14.3,,Eric W Gerstenberg Clean Harbors
2025-11-04,Gunner Smith,Cornerstone Building Brands,1,6,2,9,22.2,,Gunner Smith Cornerstone Building Brands
2025-11-04,Gerben W Bakker,Hubbell,1,5,0,6,0.0,,Gerben W Bakker Hubbell
2025-11-04,Dave Davis,Spirit Airlines,5,14,6,25,24.0,,Dave Davis Spirit Airlines
2025-11-04,Michael J Smith,Lamb Weston,0,15,10,25,40.0,,Michael J Smith Lamb Weston
2025-11-04,Strauss Zelnick,Take-Two Interactive Software,12,9,4,25,16.0,,Strauss Zelnick Take-Two Interactive Software
2025-11-04,John C Turner Jr,GMS,5,20,0,25,0.0,,John C Turner Jr GMS
2025-11-04,David M O'Malley,Penn Mutual Life Insurance,2,6,2,10,20.0,,David M O'Malley Penn Mutual Life Insurance
2025-11-04,Frank A Lonegro,Landstar System,4,8,2,14,14.3,,Frank A Lonegro Landstar System
2025-11-04,James F Risoleo,Host Hotels & Resorts,5,15,1,21,4.8,,James F Risoleo Host Hotels & Resorts
2025-11-04,Ken Xie,Fortinet,10,12,3,25,12.0,,Ken Xie Fortinet
2025-11-04,Doug Shulman,OneMain,5,9,0,14,0.0,,Doug Shulman OneMain
2025-11-04,Ryan Cohen,GameStop,8,11,6,25,24.0,,Ryan Cohen GameStop
2025-11-04,Mark W Begor,Equifax,3,22,0,25,0.0,,Mark W Begor Equifax
2025-11-04,Jay L Schottenstein,American Eagle Outfitters,7,15,3,25,12.0,,Jay L Schottenstein American Eagle Outfitters
2025-11-04,Curtis C Farmer,Comerica,8,12,2,22,9.1,,Curtis C Farmer Comerica
2025-11-04,Ole Rosgaard,Greif,5,19,1,25,4.0,,Ole Rosgaard Greif
2025-11-04,Brian E Lane,Comfort Systems USA,20,0,0,20,0.0,,Brian E Lane Comfort Systems USA
2025-11-04,Robert M Buck,TopBuild,4,6,0,10,0.0,,Robert M Buck TopBuild
2025-11-04,Ralph Andretta,Bread Financial,6,12,0,18,0.0,,Ralph Andretta Bread Financial
2025-11-04,Jim Anderson,Coherent,4,19,2,25,8.0,,Jim Anderson Coherent
2025-11-04,Walter C. D. Carlson,Telephone & Data Systems,1,9,2,12,16.7,,Walter C. D. Carlson Telephone & Data Systems
2025-11-04,Ronald Kruszewski,Stifel Financial,10,14,1,25,4.0,,Ronald Kruszewski Stifel Financial
2025-11-04,Richard Hayne,Urban Outfitters,5,17,3,25,12.0,,Richard Hayne Urban Outfitters
2025-11-04,Simon Meester,Terex,4,19,2,25,8.0,,Simon Meester Terex
2025-11-04,Edward J Lehner,Ryerson Holding,0,2,0,2,0.0,,Edward J Lehner Ryerson Holding
2025-11-04,Nicholas T Pinchuk,Snap-on,8,6,0,14,0.0,,Nicholas T Pinchuk Snap-on
2025-11-04,Ryals McMullian,Flowers Foods,2,21,2,25,8.0,,Ryals McMullian Flowers Foods
2025-11-04,D Bryan Jordan,First Horizon,8,14,3,25,12.0,,D Bryan Jordan First Horizon
2025-11-04,John B Gibson,Paychex,2,8,1,11,9.1,,John B Gibson Paychex
2025-11-04,Chris Cocks,Hasbro,9,8,8,25,32.0,,Chris Cocks Hasbro
2025-11-04,Pete McPartland,Sentry Insurance Group,7,11,0,18,0.0,,Pete McPartland Sentry Insurance Group
2025-11-04,Michael Arougheti,Ares Management,8,15,2,25,8.0,,Michael Arougheti Ares Management
2025-11-04,Alok Maskara,Lennox International,11,12,2,25,8.0,,Alok Maskara Lennox International
2025-11-04,James C Grech,Peabody Energy,2,1,1,4,25.0,,James C Grech Peabody Energy
2025-11-04,Joseph P Lacher Jr,Kemper Corporation,7,17,1,25,4.0,,Joseph P Lacher Jr Kemper Corporation
2025-11-04,Perry A Sook,Nexstar Media Group,3,21,1,25,4.0,,Perry A Sook Nexstar Media Group
2025-11-04,Wade Davis,TelevisaUnivision,5,19,1,25,4.0,,Wade Davis TelevisaUnivision
2025-11-04,Scott L Thompson,Tempur Sealy International,0,8,2,10,20.0,,Scott L Thompson Tempur Sealy International
2025-11-04,Mike Simonds,TriNet Group,6,18,1,25,4.0,,Mike Simonds TriNet Group
2025-11-04,B Andrew Rose,Worthington Enterprises,1,11,0,12,0.0,,B Andrew Rose Worthington Enterprises
2025-11-04,Bruce L Caswell,Maximus,4,6,0,10,0.0,,Bruce L Caswell Maximus
2025-11-04,Robert L Reffkin,Compass Group,5,6,1,12,8.3,,Robert L Reffkin Compass Group
2025-11-04,Mark Eubanks,Brinks Company,6,13,3,22,13.6,,Mark Eubanks Brinks Company
2025-11-04,Peter Quigley,Kelly Services Inc,9,16,0,25,0.0,,Peter Quigley Kelly Services Inc
2025-11-04,David L Yowan,Navient,1,5,0,6,0.0,,David L Yowan Navient
2025-11-04,Mary E Kipp,Puget Sound Energy,7,2,1,10,10.0,,Mary E Kipp Puget Sound Energy
2025-11-04,Adam Aron,AMC Entertainment,13,7,5,25,20.0,,Adam Aron AMC Entertainment
2025-11-04,Mark J Tarr,Encompass Health,2,7,2,11,18.2,,Mark J Tarr Encompass Health
2025-11-04,Liam K Griffin,Skyworks Solutions,2,4,5,11,45.5,,Liam K Griffin Skyworks Solutions
2025-11-04,Richard G Kyle,Timken,3,21,1,25,4.0,,Richard G Kyle Timken
2025-11-04,Ron Gusek,Liberty Energy,25,0,0,25,0.0,,Ron Gusek Liberty Energy
2025-11-04,John E Geller Jr,Marriott Vacations Worldwide,3,7,1,11,9.1,,John E Geller Jr Marriott Vacations Worldwide
2025-11-04,Karl G. Glassman,Leggett & Platt,1,5,2,8,25.0,,Karl G. Glassman Leggett & Platt
2025-11-04,Jonathan H Weis,Weis Markets,6,19,0,25,0.0,,Jonathan H Weis Weis Markets
2025-11-04,Jeffrey B Guldner,Pinnacle West Capital,3,6,1,10,10.0,,Jeffrey B Guldner Pinnacle West Capital
2025-11-04,Arkadiy Dobkin,EPAM Systems,8,16,1,25,4.0,,Arkadiy Dobkin EPAM Systems
2025-11-04,Paul M Rady,Antero Resources,4,14,0,18,0.0,,Paul M Rady Antero Resources
2025-11-04,Michael Spanos,Bloomin Brands,5,18,2,25,8.0,,Michael Spanos Bloomin Brands
2025-11-04,Nicole A Kivisto,MDU Resources Group,7,11,1,19,5.3,,Nicole A Kivisto MDU Resources Group
2025-11-04,Gerald L Morgan,Texas Roadhouse,4,8,7,19,36.8,,Gerald L Morgan Texas Roadhouse
2025-11-04,Gabriel Tirador,Mercury General,5,8,0,13,0.0,,Gabriel Tirador Mercury General
2025-11-04,Nicholas I Fink,Fortune Brands Innovations,2,21,2,25,8.0,,Nicholas I Fink Fortune Brands Innovations
2025-11-04,Paul E Burdiss,Zions Bancorp,1,5,0,6,0.0,,Paul E Burdiss Zions Bancorp
2025-11-04,William J Christensen,JELD-WEN Holding,1,13,0,14,0.0,,William J Christensen JELD-WEN Holding
2025-11-04,Evan Spiegel,Snap Inc,8,13,4,25,16.0,,Evan Spiegel Snap Inc
2025-11-04,Bill Burns,Zebra Technologies,5,20,0,25,0.0,,Bill Burns Zebra Technologies
2025-11-04,Steven Sell,Agilon Health,4,9,5,18,27.8,,Steven Sell Agilon Health
2025-11-04,Richard M Olson,Toro Company,1,20,4,25,16.0,,Richard M Olson Toro Company
2025-11-04,Eric S Yuan,Zoom Video Communications,6,14,5,25,20.0,,Eric S Yuan Zoom Video Communications
2025-11-04,Dan L Batrack,Tetra Tech,4,4,2,10,20.0,,Dan L Batrack Tetra Tech
2025-11-04,Joseph D Russell Jr,Public Storage,0,7,2,9,22.2,,Joseph D Russell Jr Public Storage
2025-11-04,Jacob Thaysen,Illumina Inc,7,17,1,25,4.0,,Jacob Thaysen Illumina Inc
2025-11-04,Debra A Cafaro,Ventas Inc,13,11,1,25,4.0,,Debra A Cafaro Ventas Inc
2025-11-04,Pierre R Brondeau,FMC Corporation,2,6,4,12,33.3,,Pierre R Brondeau FMC Corporation
2025-11-04,Judy R McReynolds,ArcBest,5,17,3,25,12.0,,Judy R McReynolds ArcBest
2025-11-04,Russell J Weiner,Dominos Pizza Inc,10,10,5,25,20.0,,Russell J Weiner Dominos Pizza Inc
2025-11-04,Theodore S Hanson,ASGN,1,4,1,6,16.7,,Theodore S Hanson ASGN
2025-11-04,RJ Scaringe,Rivian Automotive,3,14,8,25,32.0,,RJ Scaringe Rivian Automotive
2025-11-04,Jeffrey N Simmons,Elanco Animal Health,9,11,5,25,20.0,,Jeffrey N Simmons Elanco Animal Health
2025-11-04,Tim O Shaughnessy,Graham Holdings Company,3,20,1,24,4.2,,Tim O Shaughnessy Graham Holdings Company
2025-11-04,Thomas V Taylor,Floor & Decor,1,5,3,9,33.3,,Thomas V Taylor Floor & Decor
2025-11-04,Neil A Schrimsher,Applied Industrial Technologies,2,15,0,17,0.0,,Neil A Schrimsher Applied Industrial Technologies
2025-11-04,Robert E Price,PriceSmart,3,9,1,13,7.7,,Robert E Price PriceSmart
2025-11-04,John David Risher,Lyft,8,14,3,25,12.0,,John David Risher Lyft
2025-11-04,Gary B Smith,Ciena,6,19,0,25,0.0,,Gary B Smith Ciena
2025-11-04,Joey Levin,IAC,6,17,2,25,8.0,,Joey Levin IAC
2025-11-04,Jim Jacobs,Country Financial,9,15,1,25,4.0,,Jim Jacobs Country Financial
2025-11-04,Devin B McGranahan,Western Union,7,13,3,23,13.0,,Devin B McGranahan Western Union
2025-11-04,R Scott Rowe,Flowserve,4,5,2,11,18.2,,R Scott Rowe Flowserve
2025-11-04,Kenneth A Vecchione,Western Alliance Bancorp,8,9,8,25,32.0,,Kenneth A Vecchione Western Alliance Bancorp
2025-11-04,John C Rademacher,Option Care Health,15,1,0,16,0.0,,John C Rademacher Option Care Health
2025-11-04,Doug Black,SiteOne Landscape Supply,4,20,1,25,4.0,,Doug Black SiteOne Landscape Supply
2025-11-04,Oliver G Brewer III,Topgolf Callaway Brands,1,2,0,3,0.0,,Oliver G Brewer III Topgolf Callaway Brands
2025-11-04,Glenn Sanford,eXp World,8,16,1,25,4.0,,Glenn Sanford eXp World
2025-11-04,Fran Horowitz,Abercrombie & Fitch,10,11,4,25,16.0,,Fran Horowitz Abercrombie & Fitch
2025-11-04,Kevin Akers,Atmos Energy,12,3,0,15,0.0,,Kevin Akers Atmos Energy
2025-11-04,Alessandro Maselli,Catalent,2,20,3,25,12.0,,Alessandro Maselli Catalent
2025-11-04,J Powell Brown,Brown & Brown,5,17,3,25,12.0,,J Powell Brown Brown & Brown
2025-11-04,Aman Bhutani,GoDaddy,7,16,2,25,8.0,,Aman Bhutani GoDaddy
2025-11-04,John C. Griffith,American Water Works,3,20,2,25,8.0,,John C. Griffith American Water Works
2025-11-04,John J Marchioni,Selective Insurance Group,3,14,2,19,10.5,,John J Marchioni Selective Insurance Group
2025-11-04,Lawson E Whiting,Brown-Forman,4,17,4,25,16.0,,Lawson E Whiting Brown-Forman
2025-11-04,Dave Peacock,Advantage Solutions,21,2,2,25,8.0,,Dave Peacock Advantage Solutions
2025-11-04,Mick Farrell,ResMed,14,11,0,25,0.0,,Mick Farrell ResMed
2025-11-04,Kamal Hathi,Splunk,6,8,0,14,0.0,,Kamal Hathi Splunk
2025-11-04,Todd Kelsey,Plexus Corp,2,8,1,11,9.1,,Todd Kelsey Plexus Corp
2025-11-04,Phillip D Yeager,Hub Group,3,11,0,14,0.0,,Phillip D Yeager Hub Group
2025-11-04,Steven B Hedlund,Lincoln Electric,7,15,0,22,0.0,,Steven B Hedlund Lincoln Electric
2025-11-04,Timothy C Oliver,NCR Atleos,2,4,0,6,0.0,,Timothy C Oliver NCR Atleos
2025-11-04,Bruce Fleming,Calumet Inc,2,6,0,8,0.0,,Bruce Fleming Calumet Inc
2025-11-04,Daniel S. Peyovich,Dycom Industries,0,4,0,4,0.0,,Daniel S. Peyovich Dycom Industries
2025-11-04,Avner M Applbaum,Valmont Industries,1,8,0,9,0.0,,Avner M Applbaum Valmont Industries
2025-11-04,Kimberly A Fields,ATI Inc,7,18,0,25,0.0,,Kimberly A Fields ATI Inc
2025-11-04,Khozema Z Shipchandler,Twilio,1,6,2,9,22.2,,Khozema Z Shipchandler Twilio
2025-11-04,Gary C Bhojwani,CNO Financial Group,4,9,0,13,0.0,,Gary C Bhojwani CNO Financial Group
2025-11-04,William Andrew Hendricks Jr,Patterson-UTI Energy,4,0,0,4,0.0,,William Andrew Hendricks Jr Patterson-UTI Energy
2025-11-04,Kevin D Hochman,Brinker International,7,17,1,25,4.0,,Kevin D Hochman Brinker International
2025-11-04,James C Foster,Charles River Laboratories International,3,21,1,25,4.0,,James C Foster Charles River Laboratories International
2025-11-04,Rajiv K Prasad,Hyster-Yale,1,7,1,9,11.1,,Rajiv K Prasad Hyster-Yale
2025-11-04,Eric T Steigerwalt,Brighthouse Financial,4,14,2,20,10.0,,Eric T Steigerwalt Brighthouse Financial
2025-11-04,Thomas L Ryan,Service Corp International,8,14,1,23,4.3,,Thomas L Ryan Service Corp International
2025-11-04,Charles M Nifong Jr,CrossAmerica Partners,0,0,0,0,0.0,,Charles M Nifong Jr CrossAmerica Partners
2025-11-04,Anirudh Devgan,Cadence,8,16,1,25,4.0,,Anirudh Devgan Cadence
2025-11-04,Andi Owen,MillerKnoll,9,10,6,25,24.0,,Andi Owen MillerKnoll
2025-11-04,Sumit Roy,Realty Income,9,12,4,25,16.0,,Sumit Roy Realty Income
2025-11-04,Timothy John Fitzgerald,Middleby,0,0,0,0,0.0,,Timothy John Fitzgerald Middleby
2025-11-04,Robert H Schottenstein,M/I Homes,4,7,0,11,0.0,,Robert H Schottenstein M/I Homes
2025-11-04,Stephen P MacMillan,Hologic,6,6,1,13,7.7,,Stephen P MacMillan Hologic
2025-11-04,Lisa M Barton,Alliant Energy,8,1,0,9,0.0,,Lisa M Barton Alliant Energy
2025-11-04,Aaron P Jagdfeld,Generac,2,11,2,15,13.3,,Aaron P Jagdfeld Generac
2025-11-04,Erik Gershwind,MSC Industrial Direct,5,18,2,25,8.0,,Erik Gershwind MSC Industrial Direct
2025-11-04,Varun Krishna,Rocket Companies,2,18,5,25,20.0,,Varun Krishna Rocket Companies
2025-11-04,Fahmi Karam,Upbound Group,5,6,0,11,0.0,,Fahmi Karam Upbound Group
2025-11-04,NADominic Ng,East West Bancorp,0,0,0,0,0.0,,NADominic Ng East West Bancorp
2025-11-04,Mark Wang,Hilton Grand Vacations,25,0,0,25,0.0,,Mark Wang Hilton Grand Vacations
2025-11-04,Robert J Sheedy Jr,Grocery Outlet Holding,0,0,0,0,0.0,,Robert J Sheedy Jr Grocery Outlet Holding
2025-11-04,Simon D Campion,Dentsply Sirona,0,12,1,13,7.7,,Simon D Campion Dentsply Sirona
2025-11-04,Jeremy Wensinger,V2X,14,10,1,25,4.0,,Jeremy Wensinger V2X
2025-11-04,Andrew Rees,Crocs,6,13,6,25,24.0,,Andrew Rees Crocs
2025-11-04,David M Maura,Spectrum Brands,8,5,0,13,0.0,,David M Maura Spectrum Brands
2025-11-04,Sachin S Lawande,Visteon,9,14,2,25,8.0,,Sachin S Lawande Visteon
2025-11-04,Neil M Ashe,Acuity Inc,1,9,0,10,0.0,,Neil M Ashe Acuity Inc
2025-11-04,Lorie L Tekorius,The Greenbrier Companies,0,7,4,11,36.4,,Lorie L Tekorius The Greenbrier Companies
2025-11-04,John R Ciulla,Webster Financial,9,13,1,23,4.3,,John R Ciulla Webster Financial
2025-11-04,Sean D Keohane,Cabot Corporation,3,7,2,12,16.7,,Sean D Keohane Cabot Corporation
2025-11-04,Drew M Wilkerson,RXO Inc,2,6,2,10,20.0,,Drew M Wilkerson RXO Inc
2025-11-04,Daniel E Brown,Chord Energy,2,0,0,2,0.0,,Daniel E Brown Chord Energy
2025-11-04,Javier D Ferrer Fernandez,Popular Inc,1,4,1,6,16.7,,Javier D Ferrer Fernandez Popular Inc
2025-11-04,Olivier Rabiller,Garrett Motion Inc,3,12,0,15,0.0,,Olivier Rabiller Garrett Motion Inc
2025-11-04,Ronald N Tutor,Tutor Perini Corporation,5,16,1,22,4.5,,Ronald N Tutor Tutor Perini Corporation
2025-11-04,Jeff Liaw,Copart,7,9,3,19,15.8,,Jeff Liaw Copart
2025-11-04,Aman Narang,Toast Inc,6,15,4,25,16.0,,Aman Narang Toast Inc
2025-11-04,Joseph M Hogan,Align Technology,4,15,6,25,24.0,,Joseph M Hogan Align Technology
2025-11-04,Kevin J Wheeler,A O Smith,4,21,0,25,0.0,,Kevin J Wheeler A O Smith
2025-11-04,Christopher A Cartwright,TransUnion,8,13,4,25,16.0,,Christopher A Cartwright TransUnion
2025-11-04,James Kelly,NCR Voyix,1,14,0,15,0.0,,James Kelly NCR Voyix
2025-11-04,Tom Leighton,Akamai Technologies,14,11,0,25,0.0,,Tom Leighton Akamai Technologies
2025-11-04,Robert G Painter,Trimble Inc,11,5,1,17,5.9,,Robert G Painter Trimble Inc
2025-11-04,Tony Helton,Medical Mutual of Ohio,3,5,1,9,11.1,,Tony Helton Medical Mutual of Ohio
2025-11-04,Caroline S Grace,AMN Healthcare Services,1,0,0,1,0.0,,Caroline S Grace AMN Healthcare Services
2025-11-04,Patrick Kaltenbach,Mettler-Toledo International,3,3,0,6,0.0,,Patrick Kaltenbach Mettler-Toledo International
2025-11-04,Michael L Baur,ScanSource,2,4,2,8,25.0,,Michael L Baur ScanSource
2025-11-04,Jason Lippert,LCI Industries,10,15,0,25,0.0,,Jason Lippert LCI Industries
2025-11-04,Fredric J Tomczyk,Cboe Global Markets,1,16,3,20,15.0,,Fredric J Tomczyk Cboe Global Markets
2025-11-04,Octavio Marquez,Diebold Nixdorf,7,16,1,24,4.2,,Octavio Marquez Diebold Nixdorf
2025-11-04,Sivasankaran Somasundaram,ChampionX,5,5,0,10,0.0,,Sivasankaran Somasundaram ChampionX
2025-11-04,Ronald F Clarke,Corpay,3,4,1,8,12.5,,Ronald F Clarke Corpay
2025-11-04,Robert W Pittman,iHeartMedia,8,14,1,23,4.3,,Robert W Pittman iHeartMedia
2025-11-04,Patrick Zalupski,Dream Finders Homes,15,8,2,25,8.0,,Patrick Zalupski Dream Finders Homes
2025-11-04,Keith E Smith,Boyd Gaming,3,17,2,22,9.1,,Keith E Smith Boyd Gaming
2025-11-04,Mehran Assadi,NLV Financial,0,1,0,1,0.0,,Mehran Assadi NLV Financial
2025-11-04,Barry R Port,Ensign Group,3,8,2,13,15.4,,Barry R Port Ensign Group
2025-11-04,Denise A Paulonis,Sally Beauty,14,3,0,17,0.0,,Denise A Paulonis Sally Beauty
2025-11-04,Clifford A Skelton,Conduent,1,3,1,5,20.0,,Clifford A Skelton Conduent
2025-11-04,Jean-Michel Ribieras,Sylvamo,1,9,0,10,0.0,,Jean-Michel Ribieras Sylvamo
2025-11-04,Douglas F Bauer,Tri Pointe Homes,0,8,0,8,0.0,,Douglas F Bauer Tri Pointe Homes
2025-11-04,Shawn O'Connell,EnerSys,4,4,2,10,20.0,,Shawn O'Connell EnerSys
2025-11-04,Bill Meury,Incyte,5,17,1,23,4.3,,Bill Meury Incyte
2025-11-04,Dale Francescon,Century Communities,3,21,1,25,4.0,,Dale Francescon Century Communities
2025-11-04,Michael Nierenberg,Rithm Capital,9,15,1,25,4.0,,Michael Nierenberg Rithm Capital
2025-11-04,Michael J Brown,Euronet Worldwide,3,5,2,10,20.0,,Michael J Brown Euronet Worldwide
2025-11-04,Scott Seu,Hawaiian Electric Industries,4,17,4,25,16.0,,Scott Seu Hawaiian Electric Industries
2025-11-04,Jason D Robins,DraftKings,5,14,6,25,24.0,,Jason D Robins DraftKings
2025-11-04,Jonathan J Mazelsky,IDEXX Laboratories,1,4,4,9,44.4,,Jonathan J Mazelsky IDEXX Laboratories
2025-11-04,Richard S Swartz,MYR Group,1,0,0,1,0.0,,Richard S Swartz MYR Group
2025-11-04,Stefano Caroti,Deckers Outdoor,9,15,1,25,4.0,,Stefano Caroti Deckers Outdoor
2025-11-04,Kevin R Sayer,DexCom,3,9,7,19,36.8,,Kevin R Sayer DexCom
2025-11-04,John T C Lee,MKS Instruments,9,16,0,25,0.0,,John T C Lee MKS Instruments
2025-11-04,Edward B Pitoniak,VICI Properties,0,9,1,10,10.0,,Edward B Pitoniak VICI Properties
2025-11-04,Albert White III,Cooper Cos,5,16,4,25,16.0,,Albert White III Cooper Cos
2025-11-04,Barry L Biffle,Frontier Airlines,4,13,8,25,32.0,,Barry L Biffle Frontier Airlines
2025-11-04,Robert A Bruggeworth,Qorvo,2,7,2,11,18.2,,Robert A Bruggeworth Qorvo
2025-11-04,Winnie Park,Five Below,8,16,1,25,4.0,,Winnie Park Five Below
2025-11-04,Steven Oakland,TreeHouse Foods,3,21,1,25,4.0,,Steven Oakland TreeHouse Foods
2025-11-04,James S Hagedorn,Scotts Miracle-Gro,1,7,2,10,20.0,,James S Hagedorn Scotts Miracle-Gro
2025-11-04,Michael Cannon-Brookes,Atlassian,10,11,4,25,16.0,,Michael Cannon-Brookes Atlassian
2025-11-04,Bertrand Loy,Entegris,7,14,4,25,16.0,,Bertrand Loy Entegris
2025-11-04,William E Waltz,Atkore,2,6,1,9,11.1,,William E Waltz Atkore
2025-11-04,Celeste B Mastin,HB Fuller,1,13,0,14,0.0,,Celeste B Mastin HB Fuller
2025-11-04,Kyle T Larkin,Granite Construction,1,10,0,11,0.0,,Kyle T Larkin Granite Construction
2025-11-04,Michael J Happe,Winnebago Industries,3,5,3,11,27.3,,Michael J Happe Winnebago Industries
2025-11-04,Steven H Gunby,FTI Consulting,10,12,0,22,0.0,,Steven H Gunby FTI Consulting
2025-11-04,Stephan B Tanda,AptarGroup,3,20,2,25,8.0,,Stephan B Tanda AptarGroup
2025-11-04,Timothy P Boyle,Columbia Sportswear,5,9,3,17,17.6,,Timothy P Boyle Columbia Sportswear
2025-11-04,Anthony J Wood,Roku,10,12,3,25,12.0,,Anthony J Wood Roku
2025-11-04,M Christopher Doyle,Civitas Resources,1,3,1,5,20.0,,M Christopher Doyle Civitas Resources
2025-11-04,Andy Eidson,Alpha Metallurgical Resources,3,4,4,11,36.4,,Andy Eidson Alpha Metallurgical Resources
2025-11-04,Andy L Nemeth,Patrick Industries,3,5,0,8,0.0,,Andy L Nemeth Patrick Industries
2025-11-04,Roger W Jenkins,Murphy Oil,3,17,5,25,20.0,,Roger W Jenkins Murphy Oil
2025-11-04,Kevin S Blair,Synovus Financial,7,6,0,13,0.0,,Kevin S Blair Synovus Financial
2025-11-04,Julie Felss Masino,Cracker Barrel Old Country Store,2,11,12,25,48.0,,Julie Felss Masino Cracker Barrel Old Country Store
2025-11-04,David M Overton,Cheesecake Factory,6,18,1,25,4.0,,David M Overton Cheesecake Factory
2025-11-04,Nick DeIuliis,CNX Resources,11,13,1,25,4.0,,Nick DeIuliis CNX Resources
2025-11-04,Christopher Pappas,Chefs Warehouse,7,15,3,25,12.0,,Christopher Pappas Chefs Warehouse
2025-11-04,Tod Carpenter,Donaldson Company,6,10,5,21,23.8,,Tod Carpenter Donaldson Company
2025-11-04,Gregory L Christopher,Mueller Industries,4,13,1,18,5.6,,Gregory L Christopher Mueller Industries
2025-11-04,Rob Saltiel,MRC Global,5,17,1,23,4.3,,Rob Saltiel MRC Global
2025-11-04,Jillian C Evanko,Chart Industries,3,8,0,11,0.0,,Jillian C Evanko Chart Industries
2025-11-04,Dave Guilmette,Alight Solutions,1,12,0,13,0.0,,Dave Guilmette Alight Solutions
2025-11-04,Joel Smejkal,Vishay Intertechnology,6,13,1,20,5.0,,Joel Smejkal Vishay Intertechnology
2025-11-04,Dennis Degner,Range Resources,3,6,0,9,0.0,,Dennis Degner Range Resources
2025-11-04,Ira D Robbins,Valley National Bancorp,4,8,3,15,20.0,,Ira D Robbins Valley National Bancorp
2025-11-04,Bernard Kim,Match Group,6,14,5,25,20.0,,Bernard Kim Match Group
2025-11-04,Vincent Pilette,Gen Digital,3,8,0,11,0.0,,Vincent Pilette Gen Digital
2025-11-04,Timothy S Crane,Wintrust Financial,1,10,0,11,0.0,,Timothy S Crane Wintrust Financial
2025-11-04,Pat Roche,Moog Inc,5,15,4,24,16.7,,Pat Roche Moog Inc
2025-11-04,Mark R Widmar,First Solar,11,10,4,25,16.0,,Mark R Widmar First Solar
2025-11-04,Niko Lahanas,Central Garden & Pet,3,8,0,11,0.0,,Niko Lahanas Central Garden & Pet
2025-11-04,Chris Osowski,Green Plains Inc,6,8,3,17,17.6,,Chris Osowski Green Plains Inc
2025-11-04,Derek J Leathers,Werner Enterprises,2,8,3,13,23.1,,Derek J Leathers Werner Enterprises
2025-11-04,Adam Foroughi,AppLovin,5,18,2,25,8.0,,Adam Foroughi AppLovin
2025-11-04,Luca Savi,ITT,1,12,0,13,0.0,,Luca Savi ITT
2025-11-04,Lawrence H Silber,Herc Rentals,2,2,0,4,0.0,,Lawrence H Silber Herc Rentals
2025-11-04,Hilton H Howell Jr,Gray Television,7,17,1,25,4.0,,Hilton H Howell Jr Gray Television
2025-11-04,Eric D Ashleman,IDEX,1,10,1,12,8.3,,Eric D Ashleman IDEX
2025-11-04,Owen D Thomas,Boston Properties,6,18,1,25,4.0,,Owen D Thomas Boston Properties
2025-11-04,Kurt Wolf,Pitney Bowes,4,21,0,25,0.0,,Kurt Wolf Pitney Bowes
2025-11-04,Sara E Armbruster,Steelcase,11,3,0,14,0.0,,Sara E Armbruster Steelcase
2025-11-04,Charles D. Young,Sun Communities,8,14,0,22,0.0,,Charles D. Young Sun Communities
2025-11-04,Suzanne Foster,AdaptHealth,6,17,2,25,8.0,,Suzanne Foster AdaptHealth
2025-11-04,Grant E Sims,Genesis Energy,5,2,1,8,12.5,,Grant E Sims Genesis Energy
2025-11-04,Laura Prieskorn,Jackson Financial,5,11,4,20,20.0,,Laura Prieskorn Jackson Financial
2025-11-04,Rick L Wessel,FirstCash,1,6,3,10,30.0,,Rick L Wessel FirstCash
2025-11-04,Sherman Miller,Cal-Maine Foods,8,17,0,25,0.0,,Sherman Miller Cal-Maine Foods
2025-11-04,Paul A Lang,Arch Resources,16,7,2,25,8.0,,Paul A Lang Arch Resources
2025-11-04,Ashish K Khandpur,Avient,2,7,1,10,10.0,,Ashish K Khandpur Avient
2025-11-04,Shyam K Reddy,BlueLinx,1,8,0,9,0.0,,Shyam K Reddy BlueLinx
2025-11-04,Christopher S Ripley,Sinclair,5,14,6,25,24.0,,Christopher S Ripley Sinclair
2025-11-04,Stacy Kymes,BOK Financial,13,8,2,23,8.7,,Stacy Kymes BOK Financial
2025-11-04,James H Walter,Permian Resources,0,2,0,2,0.0,,James H Walter Permian Resources
2025-11-04,Jason Murray,PACS Group,8,15,2,25,8.0,,Jason Murray PACS Group
2025-11-04,Brian Armstrong,Coinbase Global,6,17,2,25,8.0,,Brian Armstrong Coinbase Global
2025-11-04,Oscar K Brown,Western Midstream Partners,4,4,0,8,0.0,,Oscar K Brown Western Midstream Partners
2025-11-04,Nicholas R Lower,Federated Mutual Insurance,1,2,3,6,50.0,,Nicholas R Lower Federated Mutual Insurance
2025-11-04,Morris Goldfarb,G-III Apparel Group,5,13,7,25,28.0,,Morris Goldfarb G-III Apparel Group
2025-11-04,Mark D Morelli,Vontier,2,5,0,7,0.0,,Mark D Morelli Vontier
2025-11-04,Matthew J Cox,Matson Inc,3,12,0,15,0.0,,Matthew J Cox Matson Inc
2025-11-04,David W Grzebinski,Kirby Corporation,5,7,3,15,20.0,,David W Grzebinski Kirby Corporation
2025-11-04,Keith A Harvey,Kaiser Aluminum,3,12,2,17,11.8,,Keith A Harvey Kaiser Aluminum
2025-11-04,Eric Nyman,Vista Outdoor,2,11,0,13,0.0,,Eric Nyman Vista Outdoor
2025-11-04,Doug Howe,Designer Brands,6,19,0,25,0.0,,Doug Howe Designer Brands
2025-11-04,Jerry E Gahlhoff Jr,Rollins Inc,2,4,1,7,14.3,,Jerry E Gahlhoff Jr Rollins Inc
2025-11-04,D Scott Barbour,Advanced Drainage Systems,3,5,1,9,11.1,,D Scott Barbour Advanced Drainage Systems
2025-11-04,Sean Gamble,Cinemark,12,6,7,25,28.0,,Sean Gamble Cinemark
2025-11-04,George Kurtz,CrowdStrike,8,12,5,25,20.0,,George Kurtz CrowdStrike
2025-11-04,Bill Ready,Pinterest,12,12,1,25,4.0,,Bill Ready Pinterest
2025-11-04,Fidji Simo,Instacart,6,19,0,25,0.0,,Fidji Simo Instacart
2025-11-04,Kimberly K Ryan,Hillenbrand,1,8,0,9,0.0,,Kimberly K Ryan Hillenbrand
2025-11-04,David S Graziosi,Allison Transmission,0,23,2,25,8.0,,David S Graziosi Allison Transmission
2025-11-04,Gary G Friedman,Restoration Hardware,5,16,4,25,16.0,,Gary G Friedman Restoration Hardware
2025-11-04,Lucinda M Baier,Brookdale Senior Living,4,10,2,16,12.5,,Lucinda M Baier Brookdale Senior Living
2025-11-04,Brian J Blaser,QuidelOrtho,0,7,1,8,12.5,,Brian J Blaser QuidelOrtho
2025-11-04,E Jean Savage,Trinity Industries,3,14,8,25,32.0,,E Jean Savage Trinity Industries
2025-11-04,Liam J Kelly,Teleflex,2,3,3,8,37.5,,Liam J Kelly Teleflex
2025-11-04,Laurans A Mendelson,HEICO,4,18,3,25,12.0,,Laurans A Mendelson HEICO
2025-11-04,Frank H Laukien,Bruker,0,11,0,11,0.0,,Frank H Laukien Bruker
2025-11-04,Harvey M Schwartz,Carlyle Group,7,13,5,25,20.0,,Harvey M Schwartz Carlyle Group
2025-11-04,Mark S LaVigne,Energizer Holdings,7,3,0,10,0.0,,Mark S LaVigne Energizer Holdings
2025-11-04,Amar Maletira,Rackspace Technology,3,18,4,25,16.0,,Amar Maletira Rackspace Technology
2025-11-04,Udit Batra,Waters Corporation,7,14,4,25,16.0,,Udit Batra Waters Corporation
2025-11-04,Eric M Green,West Pharmaceutical Services,10,15,0,25,0.0,,Eric M Green West Pharmaceutical Services
2025-11-04,Doug Palladini,Carters Inc,4,11,5,20,25.0,,Doug Palladini Carters Inc
2025-11-04,G Mike Mikan,NeueHealth,4,5,1,10,10.0,,G Mike Mikan NeueHealth
2025-11-04,Russell Chip Childs,SkyWest,0,8,0,8,0.0,,Russell Chip Childs SkyWest
2025-11-04,Christopher H Hunter,Acadia Healthcare,2,4,1,7,14.3,,Christopher H Hunter Acadia Healthcare
2025-11-04,Prahlad Singh,Revvity,6,12,1,19,5.3,,Prahlad Singh Revvity
2025-11-04,Maria M Pope,Portland General Electric,5,16,4,25,16.0,,Maria M Pope Portland General Electric
2025-11-04,Charles Chip Blankenship,Woodward Inc,2,11,0,13,0.0,,Charles Chip Blankenship Woodward Inc
2025-11-04,Mike Steib,TEGNA,11,12,2,25,8.0,,Mike Steib TEGNA
2025-11-04,Kurt J Ekert,Sabre Corporation,1,1,0,2,0.0,,Kurt J Ekert Sabre Corporation
2025-11-04,Matt Wilson,Light & Wonder,8,13,4,25,16.0,,Matt Wilson Light & Wonder
2025-11-04,Rob Katz,Vail Resorts,3,6,16,25,64.0,,Rob Katz Vail Resorts
2025-11-04,Schnitzer Steel Industries,Radius Recycling,0,16,9,25,36.0,,Schnitzer Steel Industries Radius Recycling
2025-11-04,David A Spector,PennyMac Financial Services,13,12,0,25,0.0,,David A Spector PennyMac Financial Services
2025-11-04,Frederick J Holzgrefe III,Saia Inc,1,3,0,4,0.0,,Frederick J Holzgrefe III Saia Inc
2025-11-04,Mark J Parrell,Equity Residential,5,10,1,16,6.2,,Mark J Parrell Equity Residential
2025-11-04,John W Lindsay,Helmerich & Payne,3,5,1,9,11.1,,John W Lindsay Helmerich & Payne
2025-11-04,Gary D Burnison,Korn Ferry,10,13,2,25,8.0,,Gary D Burnison Korn Ferry
2025-11-04,Timothy J McGrath,PC Connection Inc,0,0,0,0,0.0,,Timothy J McGrath PC Connection Inc
2025-11-04,Lynn M Bamford,Curtiss-Wright,11,12,2,25,8.0,,Lynn M Bamford Curtiss-Wright
2025-11-04,Jonathan W Witter,Sallie Mae,4,5,1,10,10.0,,Jonathan W Witter Sallie Mae
2025-11-04,Jeff Benck,Benchmark Electronics,3,16,0,19,0.0,,Jeff Benck Benchmark Electronics
2025-11-04,Charles H Giancarlo,Pure Storage,5,15,1,21,4.8,,Charles H Giancarlo Pure Storage
2025-11-04,Brian R Gray,Knife River Corporation,1,1,0,2,0.0,,Brian R Gray Knife River Corporation
2025-11-04,Jay Schmidt,Caleres Inc,2,13,3,18,16.7,,Jay Schmidt Caleres Inc
2025-11-04,Dale Asplund,BrightView Holdings,0,9,0,9,0.0,,Dale Asplund BrightView Holdings
2025-11-04,Jeffrey S Edwards,Cooper-Standard,2,10,1,13,7.7,,Jeffrey S Edwards Cooper-Standard
2025-11-04,Glenn J Williams,Primerica,5,3,5,13,38.5,,Glenn J Williams Primerica
2025-11-04,Francois Locoh-Donou,F5,7,18,0,25,0.0,,Francois Locoh-Donou F5
2025-11-04,Joseph Wm Foran,Matador Resources,7,18,0,25,0.0,,Joseph Wm Foran Matador Resources
2025-11-04,Sridhar Ramaswamy,Snowflake Inc,7,17,1,25,4.0,,Sridhar Ramaswamy Snowflake Inc
2025-11-04,Mark D Dankberg,Viasat,1,7,5,13,38.5,,Mark D Dankberg Viasat
2025-11-04,Francisco J Leon,California Resources,1,5,2,8,25.0,,Francisco J Leon California Resources
2025-11-04,Peter Stern,Peloton Interactive,7,14,4,25,16.0,,Peter Stern Peloton Interactive
2025-11-04,David Baszucki,Roblox,9,13,3,25,12.0,,David Baszucki Roblox
2025-11-04,Jeffrey W Edwards,Installed Building Products,1,3,0,4,0.0,,Jeffrey W Edwards Installed Building Products
2025-11-04,Clark Lauritzen,First National of Nebraska,1,10,0,11,0.0,,Clark Lauritzen First National of Nebraska
2025-11-04,Carlos Alberini,Guess Inc,5,18,2,25,8.0,,Carlos Alberini Guess Inc
2025-11-04,Shyam P Kambeyanda,ESAB,2,5,0,7,0.0,,Shyam P Kambeyanda ESAB
2025-11-04,Edmund Shallcross III,Amica Mutual Insurance,3,7,0,10,0.0,,Edmund Shallcross III Amica Mutual Insurance
2025-11-04,Benjamin W Schall,AvalonBay Communities,2,12,2,16,12.5,,Benjamin W Schall AvalonBay Communities
2025-11-04,Allan C Thygesen,DocuSign,6,10,2,18,11.1,,Allan C Thygesen DocuSign
2025-11-04,Bryan J Knutson,Titan Machinery,1,2,1,4,25.0,,Bryan J Knutson Titan Machinery
2025-11-04,Heath Sampson,ModivCare,7,4,4,15,26.7,,Heath Sampson ModivCare
2025-11-04,Ara K Hovnanian,Hovnanian Enterprises,7,17,1,25,4.0,,Ara K Hovnanian Hovnanian Enterprises
2025-11-04,Joshua G Silverman,Etsy,8,16,1,25,4.0,,Joshua G Silverman Etsy
2025-11-04,Kevin Roycraft,Adams Resources & Energy,10,1,0,11,0.0,,Kevin Roycraft Adams Resources & Energy
2025-11-04,J Eric Evans,Surgery Partners,0,2,0,2,0.0,,J Eric Evans Surgery Partners
2025-11-04,Clint E Stein,Columbia Banking System,3,11,0,14,0.0,,Clint E Stein Columbia Banking System
2025-11-04,Lee M Shavel,Verisk Analytics,3,13,1,17,5.9,,Lee M Shavel Verisk Analytics
2025-11-04,Dave Banyard Jr,MasterBrand,0,0,1,1,100.0,,Dave Banyard Jr MasterBrand
2025-11-04,Peter R Ingram,Hawaiian Airlines Inc,1,9,2,12,16.7,,Peter R Ingram Hawaiian Airlines Inc
2025-11-04,Kristin A Dolan,AMC Networks,4,15,6,25,24.0,,Kristin A Dolan AMC Networks
2025-11-04,Brendan T Cavanagh,SBA Communications,3,8,0,11,0.0,,Brendan T Cavanagh SBA Communications
2025-11-04,George F Chappelle Jr,Americold Realty Trust,5,2,0,7,0.0,,George F Chappelle Jr Americold Realty Trust
2025-11-04,Thomas E Gottwald,NewMarket Corporation,1,12,0,13,0.0,,Thomas E Gottwald NewMarket Corporation
2025-11-04,Thomas J Baltimore Jr,Park Hotels & Resorts,4,19,2,25,8.0,,Thomas J Baltimore Jr Park Hotels & Resorts
2025-11-04,Peter M Moglia,Alexandria Real Estate Equities,2,7,1,10,10.0,,Peter M Moglia Alexandria Real Estate Equities
2025-11-04,Ronald J Kramer,Griffon Corporation,1,8,1,10,10.0,,Ronald J Kramer Griffon Corporation
2025-11-04,John L Plueger,Air Lease,3,21,1,25,4.0,,John L Plueger Air Lease
2025-11-04,Jennifer F Scanlon,UL Solutions,6,4,0,10,0.0,,Jennifer F Scanlon UL Solutions
2025-11-04,Greg Smith,Teradyne,6,16,3,25,12.0,,Greg Smith Teradyne
2025-11-04,Sean Trauschke,OGE Energy,20,3,2,25,8.0,,Sean Trauschke OGE Energy
2025-11-04,Norman D Schwartz,Bio-Rad Laboratories,4,4,2,10,20.0,,Norman D Schwartz Bio-Rad Laboratories
2025-11-04,Scott Doyle,Spire Inc,8,7,2,17,11.8,,Scott Doyle Spire Inc
2025-11-04,Michael E Reed,Gannett,0,4,3,7,42.9,,Michael E Reed Gannett
2025-11-04,Cindy J Miller,Stericycle,2,5,4,11,36.4,,Cindy J Miller Stericycle
2025-11-04,Phillip D Green,Cullen Frost Bankers,2,7,3,12,25.0,,Phillip D Green Cullen Frost Bankers
2025-11-04,Joseph D Margolis,Extra Space Storage,2,10,1,13,7.7,,Joseph D Margolis Extra Space Storage
2025-11-04,Mark A Skonieczny,REV Group,2,10,1,13,7.7,,Mark A Skonieczny REV Group
2025-11-04,Ladd Wilks,ProFrac Holding,3,1,0,4,0.0,,Ladd Wilks ProFrac Holding
2025-11-04,Sundaram Nagarajan,Nordson,6,18,1,25,4.0,,Sundaram Nagarajan Nordson
2025-11-04,Anne P Noonan,Summit Materials,1,6,0,7,0.0,,Anne P Noonan Summit Materials
2025-11-04,Lori Flees,Valvoline Inc,2,7,6,15,40.0,,Lori Flees Valvoline Inc
2025-11-04,Scott H Baxter,Kontoor Brands,4,6,1,11,9.1,,Scott H Baxter Kontoor Brands
2025-11-04,Tim Larson,Skyline Champion,14,0,0,14,0.0,,Tim Larson Skyline Champion
2025-11-04,Chuck Divita,Teladoc Health,6,16,3,25,12.0,,Chuck Divita Teladoc Health
2025-11-04,W Bradley Southern,Louisiana-Pacific Corporation,3,17,0,20,0.0,,W Bradley Southern Louisiana-Pacific Corporation
2025-11-04,George C Freeman III,Universal Corporation,6,19,0,25,0.0,,George C Freeman III Universal Corporation
2025-11-04,James A Brock,Consol Energy,9,4,0,13,0.0,,James A Brock Consol Energy
2025-11-04,Robert Antokol,Playtika Holding,1,8,1,10,10.0,,Robert Antokol Playtika Holding
2025-11-04,Joe Craft,Alliance Resource Partners,10,14,1,25,4.0,,Joe Craft Alliance Resource Partners
2025-11-04,Paul Keel,Envista,3,12,2,17,11.8,,Paul Keel Envista
2025-11-04,Jared Isaacman,Shift4 Payments,6,17,2,25,8.0,,Jared Isaacman Shift4 Payments
2025-11-04,Mark Mac McFarland,Talen Energy,8,1,1,10,10.0,,Mark Mac McFarland Talen Energy
2025-11-04,Tony R Thene,Carpenter Technology,1,12,0,13,0.0,,Tony R Thene Carpenter Technology
2025-11-04,Melissa D Smith,WEX,4,9,0,13,0.0,,Melissa D Smith WEX
2025-11-04,James Jim C Ryan III,Old National Bancorp,4,14,1,19,5.3,,James Jim C Ryan III Old National Bancorp
2025-11-04,Peter J Federico,AGNC Investment,2,2,2,6,33.3,,Peter J Federico AGNC Investment
2025-11-04,Brent L Yeagy,Wabash National,0,3,0,3,0.0,,Brent L Yeagy Wabash National
2025-11-04,Henry A Fernandez,MSCI,11,12,2,25,8.0,,Henry A Fernandez MSCI
2025-11-04,Mark Penn,Stagwell,4,18,3,25,12.0,,Mark Penn Stagwell
2025-11-04,Julie Schertell,Mativ,5,15,0,20,0.0,,Julie Schertell Mativ
2025-11-04,Ashish Chand,Belden,1,7,1,9,11.1,,Ashish Chand Belden
2025-11-04,Greg Anderson,Allegiant Travel Company,10,14,1,25,4.0,,Greg Anderson Allegiant Travel Company
2025-11-04,Drew Houston,Dropbox,7,14,4,25,16.0,,Drew Houston Dropbox
2025-11-04,Kevin T Conroy,Exact Sciences,2,13,10,25,40.0,,Kevin T Conroy Exact Sciences
2025-11-04,Rex D Geveden,BWX Technologies,9,14,2,25,8.0,,Rex D Geveden BWX Technologies
2025-11-04,Scott R Wells,Clear Channel Outdoor Hldgs,4,2,0,6,0.0,,Scott R Wells Clear Channel Outdoor Hldgs
2025-11-04,Casey Wasserman,Wasserman,10,15,0,25,0.0,,Casey Wasserman
2025-11-04,Mac Cummings,Terakeet,3,7,0,10,0.0,,Mac Cummings Terakeet
